time_s,time_h,radius_cm,r0_cm,r0.5_cm,r1_cm,r1.5_cm,surface
21600.0,6.0,1.374,1.71951664224506,1.5376771942805734,1.0225856920794003,,0.4207253963941227
43200.0,12.0,1.248,0.7375721307728813,0.6545440001875732,0.40827973499442594,,0.16694950192216285
64800.0,18.0,1.214,0.4086838415416546,0.3685929118178796,0.23970630714475014,,0.08918099217727246
86400.0,24.0,1.204,0.28507093547401136,0.26101694577908113,0.17895118121620998,,0.06733156196249704
108000.0,30.0,1.201,0.2262864588274819,0.20934825046273584,0.14922501106905864,,0.05948443751184599
129600.0,36.0,1.2,0.19278401831493214,0.17962332974689801,0.13162178816678863,,0.055957059153359016
151200.0,42.0,1.2,0.17120729945977534,0.16034377763839303,0.1199434728572476,,0.05409865875903429
172800.0,48.0,1.2,0.15612091382262924,0.1467817878702329,0.11153308353258529,,0.05300666259325955
183879.0,51.0775,1.2,0.14999968877238076,0.14125830588559896,0.10805733856984298,,0.05261370485550386
