时间_s,Picard迭代次数
0,0
1,4
2,4
3,4
4,4
5,4
6,4
7,4
8,4
9,4
10,4
11,4
12,4
13,4
14,4
15,4
16,4
17,4
18,4
19,4
20,4
21,4
22,4
23,4
24,4
25,4
26,4
27,4
28,4
29,4
30,4
31,4
32,4
33,4
34,4
35,4
36,4
37,4
38,4
39,4
40,4
41,4
42,4
43,4
44,4
45,4
46,4
47,4
48,4
49,4
50,4
51,4
52,4
53,4
54,4
55,4
56,4
57,4
58,4
59,4
60,4
61,4
62,4
63,4
64,4
65,4
66,4
67,4
68,4
69,4
70,4
71,4
72,4
73,4
74,4
75,4
76,4
77,4
78,4
79,4
80,4
81,4
82,4
83,4
84,4
85,4
86,4
87,4
88,4
89,4
90,4
91,4
92,4
93,4
94,4
95,4
96,4
97,4
98,4
99,4
100,4
101,4
102,4
103,4
104,4
105,4
106,4
107,4
108,4
109,4
110,4
111,4
112,4
113,4
114,4
115,4
116,4
117,4
118,4
119,4
120,4
121,4
122,4
123,4
124,4
125,4
126,4
127,4
128,4
129,4
130,4
131,4
132,4
133,4
134,4
135,4
136,4
137,4
138,4
139,4
140,4
141,4
142,4
143,4
144,4
145,4
146,4
147,4
148,4
149,4
150,4
151,4
152,4
153,4
154,4
155,4
156,4
157,4
158,4
159,4
160,4
161,4
162,4
163,4
164,4
165,4
166,4
167,4
168,4
169,4
170,4
171,4
172,4
173,4
174,4
175,4
176,4
177,4
178,4
179,4
180,4
181,4
182,4
183,4
184,4
185,4
186,4
187,4
188,4
189,4
190,4
191,4
192,4
193,4
194,4
195,4
196,4
197,4
198,4
199,4
200,4
201,4
202,4
203,4
204,4
205,4
206,4
207,4
208,4
209,4
210,4
211,4
212,4
213,4
214,4
215,4
216,4
217,4
218,4
219,4
220,4
221,4
222,4
223,4
224,4
225,4
226,4
227,4
228,4
229,4
230,4
231,4
232,4
233,4
234,4
235,4
236,4
237,4
238,4
239,4
240,4
241,4
242,4
243,4
244,4
245,4
246,4
247,4
248,4
249,4
250,4
251,4
252,4
253,4
254,4
255,4
256,4
257,4
258,4
259,4
260,4
261,4
262,4
263,4
264,4
265,4
266,4
267,4
268,4
269,4
270,4
271,4
272,4
273,4
274,4
275,4
276,4
277,4
278,4
279,4
280,4
281,4
282,4
283,4
284,4
285,4
286,4
287,4
288,4
289,4
290,4
291,4
292,4
293,4
294,4
295,4
296,4
297,4
298,4
299,4
300,4
301,4
302,4
303,4
304,4
305,4
306,4
307,4
308,4
309,4
310,4
311,4
312,4
313,4
314,4
315,4
316,4
317,4
318,4
319,4
320,4
321,4
322,4
323,4
324,4
325,4
326,4
327,4
328,4
329,4
330,4
331,4
332,4
333,4
334,4
335,4
336,4
337,4
338,4
339,4
340,4
341,4
342,4
343,4
344,4
345,4
346,4
347,4
348,4
349,4
350,4
351,4
352,4
353,4
354,4
355,4
356,4
357,4
358,4
359,4
360,4
361,4
362,4
363,4
364,4
365,4
366,4
367,4
368,4
369,4
370,4
371,4
372,4
373,4
374,4
375,4
376,4
377,4
378,4
379,4
380,4
381,4
382,4
383,4
384,4
385,4
386,4
387,4
388,4
389,4
390,4
391,4
392,4
393,4
394,4
395,4
396,4
397,4
398,4
399,4
400,4
401,4
402,4
403,4
404,4
405,4
406,4
407,4
408,4
409,4
410,4
411,4
412,4
413,4
414,4
415,4
416,4
417,4
418,4
419,4
420,4
421,4
422,4
423,4
424,4
425,4
426,4
427,4
428,4
429,4
430,4
431,4
432,4
433,4
434,4
435,4
436,4
437,4
438,4
439,4
440,4
441,4
442,4
443,4
444,4
445,4
446,4
447,4
448,4
449,4
450,4
451,4
452,4
453,4
454,4
455,4
456,4
457,4
458,4
459,4
460,4
461,4
462,4
463,4
464,4
465,4
466,4
467,4
468,4
469,4
470,4
471,4
472,4
473,4
474,4
475,4
476,4
477,4
478,4
479,4
480,4
481,4
482,4
483,4
484,4
485,4
486,4
487,4
488,4
489,4
490,4
491,4
492,4
493,4
494,4
495,4
496,4
497,4
498,4
499,4
500,4
501,4
502,4
503,4
504,4
505,4
506,4
507,4
508,4
509,4
510,4
511,4
512,4
513,4
514,4
515,4
516,4
517,4
518,4
519,4
520,4
521,4
522,4
523,4
524,4
525,4
526,4
527,4
528,4
529,4
530,4
531,4
532,4
533,4
534,4
535,4
536,4
537,4
538,4
539,4
540,4
541,4
542,4
543,4
544,4
545,4
546,4
547,4
548,4
549,4
550,4
551,4
552,4
553,4
554,4
555,4
556,4
557,4
558,4
559,4
560,4
561,4
562,4
563,4
564,4
565,4
566,4
567,4
568,4
569,4
570,4
571,4
572,4
573,4
574,4
575,4
576,4
577,4
578,4
579,4
580,4
581,4
582,4
583,4
584,4
585,4
586,4
587,4
588,4
589,4
590,4
591,4
592,4
593,4
594,4
595,4
596,4
597,4
598,4
599,4
600,4
601,4
602,4
603,4
604,4
605,4
606,4
607,4
608,4
609,4
610,4
611,4
612,4
613,4
614,4
615,4
616,4
617,4
618,4
619,4
620,4
621,4
622,4
623,4
624,4
625,4
626,4
627,4
628,4
629,4
630,4
631,4
632,4
633,4
634,4
635,4
636,4
637,4
638,4
639,4
640,4
641,4
642,4
643,4
644,4
645,4
646,4
647,4
648,4
649,4
650,4
651,4
652,4
653,4
654,4
655,4
656,4
657,4
658,4
659,4
660,4
661,4
662,4
663,4
664,4
665,4
666,4
667,4
668,4
669,4
670,4
671,4
672,4
673,4
674,4
675,4
676,4
677,4
678,4
679,4
680,4
681,4
682,4
683,4
684,4
685,4
686,4
687,4
688,4
689,4
690,4
691,4
692,4
693,4
694,4
695,4
696,4
697,4
698,4
699,4
700,4
701,4
702,4
703,4
704,4
705,4
706,4
707,4
708,4
709,4
710,4
711,4
712,4
713,4
714,4
715,4
716,4
717,4
718,4
719,4
720,4
721,4
722,4
723,4
724,4
725,4
726,4
727,4
728,4
729,4
730,4
731,4
732,4
733,4
734,4
735,4
736,4
737,4
738,4
739,4
740,4
741,4
742,4
743,4
744,4
745,4
746,4
747,4
748,4
749,4
750,4
751,4
752,4
753,4
754,4
755,4
756,4
757,4
758,4
759,4
760,4
761,4
762,4
763,4
764,4
765,4
766,4
767,4
768,4
769,4
770,4
771,4
772,4
773,4
774,4
775,4
776,4
777,4
778,4
779,4
780,4
781,4
782,4
783,4
784,4
785,4
786,4
787,4
788,4
789,4
790,4
791,4
792,4
793,4
794,4
795,4
796,4
797,4
798,4
799,4
800,4
801,4
802,4
803,4
804,4
805,4
806,4
807,4
808,4
809,4
810,4
811,4
812,4
813,4
814,4
815,4
816,4
817,4
818,4
819,4
820,4
821,4
822,4
823,4
824,4
825,4
826,4
827,4
828,4
829,4
830,4
831,4
832,4
833,4
834,4
835,4
836,4
837,4
838,4
839,4
840,4
841,4
842,4
843,4
844,4
845,4
846,4
847,4
848,4
849,4
850,4
851,4
852,4
853,4
854,4
855,4
856,4
857,4
858,4
859,4
860,4
861,4
862,4
863,4
864,4
865,4
866,4
867,4
868,4
869,4
870,4
871,4
872,4
873,4
874,4
875,4
876,4
877,4
878,4
879,4
880,4
881,4
882,4
883,4
884,4
885,4
886,4
887,4
888,4
889,4
890,4
891,4
892,4
893,4
894,4
895,4
896,4
897,4
898,4
899,4
900,4
901,4
902,4
903,4
904,4
905,4
906,4
907,4
908,4
909,4
910,4
911,4
912,4
913,4
914,4
915,4
916,4
917,4
918,4
919,4
920,4
921,4
922,4
923,4
924,4
925,4
926,4
927,4
928,4
929,4
930,4
931,4
932,4
933,4
934,4
935,4
936,4
937,4
938,4
939,4
940,4
941,4
942,4
943,4
944,4
945,4
946,4
947,4
948,4
949,4
950,4
951,4
952,4
953,4
954,4
955,4
956,4
957,4
958,4
959,4
960,4
961,4
962,4
963,4
964,4
965,4
966,4
967,4
968,4
969,4
970,4
971,4
972,4
973,4
974,4
975,4
976,4
977,4
978,4
979,4
980,4
981,4
982,4
983,4
984,4
985,4
986,4
987,4
988,4
989,4
990,4
991,4
992,4
993,4
994,4
995,4
996,4
997,4
998,4
999,4
1000,4
1001,4
1002,4
1003,4
1004,4
1005,4
1006,4
1007,4
1008,4
1009,4
1010,4
1011,4
1012,4
1013,4
1014,4
1015,4
1016,4
1017,4
1018,4
1019,4
1020,4
1021,4
1022,4
1023,4
1024,4
1025,4
1026,4
1027,4
1028,4
1029,4
1030,4
1031,4
1032,4
1033,4
1034,4
1035,4
1036,4
1037,4
1038,4
1039,4
1040,4
1041,4
1042,4
1043,4
1044,4
1045,4
1046,4
1047,4
1048,4
1049,4
1050,4
1051,4
1052,4
1053,4
1054,4
1055,4
1056,4
1057,4
1058,4
1059,4
1060,4
1061,4
1062,4
1063,4
1064,4
1065,4
1066,4
1067,4
1068,4
1069,4
1070,4
1071,4
1072,4
1073,4
1074,4
1075,4
1076,4
1077,4
1078,4
1079,4
1080,4
1081,4
1082,4
1083,4
1084,4
1085,4
1086,4
1087,4
1088,4
1089,4
1090,4
1091,4
1092,4
1093,4
1094,4
1095,4
1096,4
1097,4
1098,4
1099,4
1100,4
1101,4
1102,4
1103,4
1104,4
1105,4
1106,4
1107,4
1108,4
1109,4
1110,4
1111,4
1112,4
1113,4
1114,4
1115,4
1116,4
1117,4
1118,4
1119,4
1120,4
1121,4
1122,4
1123,4
1124,4
1125,4
1126,4
1127,4
1128,4
1129,4
1130,4
1131,4
1132,4
1133,4
1134,4
1135,4
1136,4
1137,4
1138,4
1139,4
1140,4
1141,4
1142,4
1143,4
1144,4
1145,4
1146,4
1147,4
1148,4
1149,4
1150,4
1151,4
1152,4
1153,4
1154,4
1155,4
1156,4
1157,4
1158,4
1159,4
1160,4
1161,4
1162,4
1163,4
1164,4
1165,4
1166,4
1167,4
1168,4
1169,4
1170,4
1171,4
1172,4
1173,4
1174,4
1175,4
1176,4
1177,4
1178,4
1179,4
1180,4
1181,4
1182,4
1183,4
1184,4
1185,4
1186,4
1187,4
1188,4
1189,4
1190,4
1191,4
1192,4
1193,4
1194,4
1195,4
1196,4
1197,4
1198,4
1199,4
1200,4
1201,4
1202,4
1203,4
1204,4
1205,4
1206,4
1207,4
1208,4
1209,4
1210,4
1211,4
1212,4
1213,4
1214,4
1215,4
1216,4
1217,4
1218,4
1219,4
1220,4
1221,4
1222,4
1223,4
1224,4
1225,4
1226,4
1227,4
1228,4
1229,4
1230,4
1231,4
1232,4
1233,4
1234,4
1235,4
1236,4
1237,4
1238,4
1239,4
1240,4
1241,4
1242,4
1243,4
1244,4
1245,4
1246,4
1247,4
1248,4
1249,4
1250,4
1251,4
1252,4
1253,4
1254,4
1255,4
1256,4
1257,4
1258,4
1259,4
1260,4
1261,4
1262,4
1263,4
1264,4
1265,4
1266,4
1267,4
1268,4
1269,4
1270,4
1271,4
1272,4
1273,4
1274,4
1275,4
1276,4
1277,4
1278,4
1279,4
1280,4
1281,4
1282,4
1283,4
1284,4
1285,4
1286,4
1287,4
1288,4
1289,4
1290,4
1291,4
1292,4
1293,4
1294,4
1295,4
1296,4
1297,4
1298,4
1299,4
1300,4
1301,4
1302,4
1303,4
1304,4
1305,4
1306,4
1307,4
1308,4
1309,4
1310,4
1311,4
1312,4
1313,4
1314,4
1315,4
1316,4
1317,4
1318,4
1319,4
1320,4
1321,4
1322,4
1323,4
1324,4
1325,4
1326,4
1327,4
1328,4
1329,4
1330,4
1331,4
1332,4
1333,4
1334,4
1335,4
1336,4
1337,4
1338,4
1339,4
1340,4
1341,4
1342,4
1343,4
1344,4
1345,4
1346,4
1347,4
1348,4
1349,4
1350,4
1351,4
1352,4
1353,4
1354,4
1355,4
1356,4
1357,4
1358,4
1359,4
1360,4
1361,4
1362,4
1363,4
1364,4
1365,4
1366,4
1367,4
1368,4
1369,4
1370,4
1371,4
1372,4
1373,4
1374,4
1375,4
1376,4
1377,4
1378,4
1379,4
1380,4
1381,4
1382,4
1383,4
1384,4
1385,4
1386,4
1387,4
1388,4
1389,4
1390,4
1391,4
1392,4
1393,4
1394,4
1395,4
1396,4
1397,4
1398,4
1399,4
1400,4
1401,4
1402,4
1403,4
1404,4
1405,4
1406,4
1407,4
1408,4
1409,4
1410,4
1411,4
1412,4
1413,4
1414,4
1415,4
1416,4
1417,4
1418,4
1419,4
1420,4
1421,4
1422,4
1423,4
1424,4
1425,4
1426,4
1427,4
1428,4
1429,4
1430,4
1431,4
1432,4
1433,4
1434,4
1435,4
1436,4
1437,4
1438,4
1439,4
1440,4
1441,4
1442,4
1443,4
1444,4
1445,4
1446,4
1447,4
1448,4
1449,4
1450,4
1451,4
1452,4
1453,4
1454,4
1455,4
1456,4
1457,4
1458,4
1459,4
1460,4
1461,4
1462,4
1463,4
1464,4
1465,4
1466,4
1467,4
1468,4
1469,4
1470,4
1471,4
1472,4
1473,4
1474,4
1475,4
1476,4
1477,4
1478,4
1479,4
1480,4
1481,4
1482,4
1483,4
1484,4
1485,4
1486,4
1487,4
1488,4
1489,4
1490,4
1491,4
1492,4
1493,4
1494,4
1495,4
1496,4
1497,4
1498,4
1499,4
1500,4
1501,4
1502,4
1503,4
1504,4
1505,4
1506,4
1507,4
1508,4
1509,4
1510,4
1511,4
1512,4
1513,4
1514,4
1515,4
1516,4
1517,4
1518,4
1519,4
1520,4
1521,4
1522,4
1523,4
1524,4
1525,4
1526,4
1527,4
1528,4
1529,4
1530,4
1531,4
1532,4
1533,4
1534,4
1535,4
1536,4
1537,4
1538,4
1539,4
1540,4
1541,4
1542,4
1543,4
1544,4
1545,4
1546,4
1547,4
1548,4
1549,4
1550,4
1551,4
1552,4
1553,4
1554,4
1555,4
1556,4
1557,4
1558,4
1559,4
1560,4
1561,4
1562,4
1563,4
1564,4
1565,4
1566,4
1567,4
1568,4
1569,4
1570,4
1571,4
1572,4
1573,4
1574,4
1575,4
1576,4
1577,4
1578,4
1579,4
1580,4
1581,4
1582,4
1583,4
1584,4
1585,4
1586,4
1587,4
1588,4
1589,4
1590,4
1591,4
1592,4
1593,4
1594,4
1595,4
1596,4
1597,4
1598,4
1599,4
1600,4
1601,4
1602,4
1603,4
1604,4
1605,4
1606,4
1607,4
1608,4
1609,4
1610,4
1611,4
1612,4
1613,4
1614,4
1615,4
1616,4
1617,4
1618,4
1619,4
1620,4
1621,4
1622,4
1623,4
1624,4
1625,4
1626,4
1627,4
1628,4
1629,4
1630,4
1631,4
1632,4
1633,4
1634,4
1635,4
1636,4
1637,4
1638,4
1639,4
1640,4
1641,4
1642,4
1643,4
1644,4
1645,4
1646,4
1647,4
1648,4
1649,4
1650,4
1651,4
1652,4
1653,4
1654,4
1655,4
1656,4
1657,4
1658,4
1659,4
1660,4
1661,4
1662,4
1663,4
1664,4
1665,4
1666,4
1667,4
1668,4
1669,4
1670,4
1671,4
1672,4
1673,4
1674,4
1675,4
1676,4
1677,4
1678,4
1679,4
1680,4
1681,4
1682,4
1683,4
1684,4
1685,4
1686,4
1687,4
1688,4
1689,4
1690,4
1691,4
1692,4
1693,4
1694,4
1695,4
1696,4
1697,4
1698,4
1699,4
1700,4
1701,4
1702,4
1703,4
1704,4
1705,4
1706,4
1707,4
1708,4
1709,4
1710,4
1711,4
1712,4
1713,4
1714,4
1715,4
1716,4
1717,4
1718,4
1719,4
1720,4
1721,4
1722,4
1723,4
1724,4
1725,4
1726,4
1727,4
1728,4
1729,4
1730,4
1731,4
1732,4
1733,4
1734,4
1735,4
1736,4
1737,4
1738,4
1739,4
1740,4
1741,4
1742,4
1743,4
1744,4
1745,4
1746,4
1747,4
1748,4
1749,4
1750,4
1751,4
1752,4
1753,4
1754,4
1755,4
1756,4
1757,4
1758,4
1759,4
1760,4
1761,4
1762,4
1763,4
1764,4
1765,4
1766,4
1767,4
1768,4
1769,4
1770,4
1771,4
1772,4
1773,4
1774,4
1775,4
1776,4
1777,4
1778,4
1779,4
1780,4
1781,4
1782,4
1783,4
1784,4
1785,4
1786,4
1787,4
1788,4
1789,4
1790,4
1791,4
1792,4
1793,4
1794,4
1795,4
1796,4
1797,4
1798,4
1799,4
1800,4
1801,4
1802,4
1803,4
1804,4
1805,4
1806,4
1807,4
1808,4
1809,4
1810,4
1811,4
1812,4
1813,4
1814,4
1815,4
1816,4
1817,4
1818,4
1819,4
1820,4
1821,4
1822,4
1823,4
1824,4
1825,4
1826,4
1827,4
1828,4
1829,4
1830,4
1831,4
1832,4
1833,4
1834,4
1835,4
1836,4
1837,4
1838,4
1839,4
1840,4
1841,4
1842,4
1843,4
1844,4
1845,4
1846,4
1847,4
1848,4
1849,4
1850,4
1851,4
1852,4
1853,4
1854,4
1855,4
1856,4
1857,4
1858,4
1859,4
1860,4
1861,4
1862,4
1863,4
1864,4
1865,4
1866,4
1867,4
1868,4
1869,4
1870,4
1871,4
1872,4
1873,4
1874,4
1875,4
1876,4
1877,4
1878,4
1879,4
1880,4
1881,4
1882,4
1883,4
1884,4
1885,4
1886,4
1887,4
1888,4
1889,4
1890,4
1891,4
1892,4
1893,4
1894,4
1895,4
1896,4
1897,4
1898,4
1899,4
1900,4
1901,4
1902,4
1903,4
1904,4
1905,4
1906,4
1907,4
1908,4
1909,4
1910,4
1911,4
1912,4
1913,4
1914,4
1915,4
1916,4
1917,4
1918,4
1919,4
1920,4
1921,4
1922,4
1923,4
1924,4
1925,4
1926,4
1927,4
1928,4
1929,4
1930,4
1931,4
1932,4
1933,4
1934,4
1935,4
1936,4
1937,4
1938,4
1939,4
1940,4
1941,4
1942,4
1943,4
1944,4
1945,4
1946,4
1947,4
1948,4
1949,4
1950,4
1951,4
1952,4
1953,4
1954,4
1955,4
1956,4
1957,4
1958,4
1959,4
1960,4
1961,4
1962,4
1963,4
1964,4
1965,4
1966,4
1967,4
1968,4
1969,4
1970,4
1971,4
1972,4
1973,4
1974,4
1975,4
1976,4
1977,4
1978,4
1979,4
1980,4
1981,4
1982,4
1983,4
1984,4
1985,4
1986,4
1987,4
1988,4
1989,4
1990,4
1991,4
1992,4
1993,4
1994,4
1995,4
1996,4
1997,4
1998,4
1999,4
2000,4
2001,4
2002,4
2003,4
2004,4
2005,4
2006,4
2007,4
2008,4
2009,4
2010,4
2011,4
2012,4
2013,4
2014,4
2015,4
2016,4
2017,4
2018,4
2019,4
2020,4
2021,4
2022,4
2023,4
2024,4
2025,4
2026,4
2027,4
2028,4
2029,4
2030,4
2031,4
2032,4
2033,4
2034,4
2035,4
2036,4
2037,4
2038,4
2039,4
2040,4
2041,4
2042,4
2043,4
2044,4
2045,4
2046,4
2047,4
2048,4
2049,4
2050,4
2051,4
2052,4
2053,4
2054,4
2055,4
2056,4
2057,4
2058,4
2059,4
2060,4
2061,4
2062,4
2063,4
2064,4
2065,4
2066,4
2067,4
2068,4
2069,4
2070,4
2071,4
2072,4
2073,4
2074,4
2075,4
2076,4
2077,4
2078,4
2079,4
2080,4
2081,4
2082,4
2083,4
2084,4
2085,4
2086,4
2087,4
2088,4
2089,4
2090,4
2091,4
2092,4
2093,4
2094,4
2095,4
2096,4
2097,4
2098,4
2099,4
2100,4
2101,4
2102,4
2103,4
2104,4
2105,4
2106,4
2107,4
2108,4
2109,4
2110,4
2111,4
2112,4
2113,4
2114,4
2115,4
2116,4
2117,4
2118,4
2119,4
2120,4
2121,4
2122,4
2123,4
2124,4
2125,4
2126,4
2127,4
2128,4
2129,4
2130,4
2131,4
2132,4
2133,4
2134,4
2135,4
2136,4
2137,4
2138,4
2139,4
2140,4
2141,4
2142,4
2143,4
2144,4
2145,4
2146,4
2147,4
2148,4
2149,4
2150,4
2151,4
2152,4
2153,4
2154,4
2155,4
2156,4
2157,4
2158,4
2159,4
2160,4
2161,4
2162,4
2163,4
2164,4
2165,4
2166,4
2167,4
2168,4
2169,4
2170,4
2171,4
2172,4
2173,4
2174,4
2175,4
2176,4
2177,4
2178,4
2179,4
2180,4
2181,4
2182,4
2183,4
2184,4
2185,4
2186,4
2187,4
2188,4
2189,4
2190,4
2191,4
2192,4
2193,4
2194,4
2195,4
2196,4
2197,4
2198,4
2199,4
2200,4
2201,4
2202,4
2203,4
2204,4
2205,4
2206,4
2207,4
2208,4
2209,4
2210,4
2211,4
2212,4
2213,4
2214,4
2215,4
2216,4
2217,4
2218,4
2219,4
2220,4
2221,4
2222,4
2223,4
2224,4
2225,4
2226,4
2227,4
2228,4
2229,4
2230,4
2231,4
2232,4
2233,4
2234,4
2235,4
2236,4
2237,4
2238,4
2239,4
2240,4
2241,4
2242,4
2243,4
2244,4
2245,4
2246,4
2247,4
2248,4
2249,4
2250,4
2251,4
2252,4
2253,4
2254,4
2255,4
2256,4
2257,4
2258,4
2259,4
2260,4
2261,4
2262,4
2263,4
2264,4
2265,4
2266,4
2267,4
2268,4
2269,4
2270,4
2271,4
2272,4
2273,4
2274,4
2275,4
2276,4
2277,4
2278,4
2279,4
2280,4
2281,4
2282,4
2283,4
2284,4
2285,4
2286,4
2287,4
2288,4
2289,4
2290,4
2291,4
2292,4
2293,4
2294,4
2295,4
2296,4
2297,4
2298,4
2299,4
2300,4
2301,4
2302,4
2303,4
2304,4
2305,4
2306,4
2307,4
2308,4
2309,4
2310,4
2311,4
2312,4
2313,4
2314,4
2315,4
2316,4
2317,4
2318,4
2319,4
2320,4
2321,4
2322,4
2323,4
2324,4
2325,4
2326,4
2327,4
2328,4
2329,4
2330,4
2331,4
2332,4
2333,4
2334,4
2335,4
2336,4
2337,4
2338,4
2339,4
2340,4
2341,4
2342,4
2343,4
2344,4
2345,4
2346,4
2347,4
2348,4
2349,4
2350,4
2351,4
2352,4
2353,4
2354,4
2355,4
2356,4
2357,4
2358,4
2359,4
2360,4
2361,4
2362,4
2363,4
2364,4
2365,4
2366,4
2367,4
2368,4
2369,4
2370,4
2371,4
2372,4
2373,4
2374,4
2375,4
2376,4
2377,4
2378,4
2379,4
2380,4
2381,4
2382,4
2383,4
2384,4
2385,4
2386,4
2387,4
2388,4
2389,4
2390,4
2391,4
2392,4
2393,4
2394,4
2395,4
2396,4
2397,4
2398,4
2399,4
2400,4
2401,4
2402,4
2403,4
2404,4
2405,4
2406,4
2407,4
2408,4
2409,4
2410,4
2411,4
2412,4
2413,4
2414,4
2415,4
2416,4
2417,4
2418,4
2419,4
2420,4
2421,4
2422,4
2423,4
2424,4
2425,4
2426,4
2427,4
2428,4
2429,4
2430,4
2431,4
2432,4
2433,4
2434,4
2435,4
2436,4
2437,4
2438,4
2439,4
2440,4
2441,4
2442,4
2443,4
2444,4
2445,4
2446,4
2447,4
2448,4
2449,4
2450,4
2451,4
2452,4
2453,4
2454,4
2455,4
2456,4
2457,4
2458,4
2459,4
2460,4
2461,4
2462,4
2463,4
2464,4
2465,4
2466,4
2467,4
2468,4
2469,4
2470,4
2471,4
2472,4
2473,4
2474,4
2475,4
2476,4
2477,4
2478,4
2479,4
2480,4
2481,4
2482,4
2483,4
2484,4
2485,4
2486,4
2487,4
2488,4
2489,4
2490,4
2491,4
2492,4
2493,4
2494,4
2495,4
2496,4
2497,4
2498,4
2499,4
2500,4
2501,4
2502,4
2503,4
2504,4
2505,4
2506,4
2507,4
2508,4
2509,4
2510,4
2511,4
2512,4
2513,4
2514,4
2515,4
2516,4
2517,4
2518,4
2519,4
2520,4
2521,4
2522,4
2523,4
2524,4
2525,4
2526,4
2527,4
2528,4
2529,4
2530,4
2531,4
2532,4
2533,4
2534,4
2535,4
2536,4
2537,4
2538,4
2539,4
2540,4
2541,4
2542,4
2543,4
2544,4
2545,4
2546,4
2547,4
2548,4
2549,4
2550,4
2551,4
2552,4
2553,4
2554,4
2555,4
2556,4
2557,4
2558,4
2559,4
2560,4
2561,4
2562,4
2563,4
2564,4
2565,4
2566,4
2567,4
2568,4
2569,4
2570,4
2571,4
2572,4
2573,4
2574,4
2575,4
2576,4
2577,4
2578,4
2579,4
2580,4
2581,4
2582,4
2583,4
2584,4
2585,4
2586,4
2587,4
2588,4
2589,4
2590,4
2591,4
2592,4
2593,4
2594,4
2595,4
2596,4
2597,4
2598,4
2599,4
2600,4
2601,4
2602,4
2603,4
2604,4
2605,4
2606,4
2607,4
2608,4
2609,4
2610,4
2611,4
2612,4
2613,4
2614,4
2615,4
2616,4
2617,4
2618,4
2619,4
2620,4
2621,4
2622,4
2623,4
2624,4
2625,4
2626,4
2627,4
2628,4
2629,4
2630,4
2631,4
2632,4
2633,4
2634,4
2635,4
2636,4
2637,4
2638,4
2639,4
2640,4
2641,4
2642,4
2643,4
2644,4
2645,4
2646,4
2647,4
2648,4
2649,4
2650,4
2651,4
2652,4
2653,4
2654,4
2655,4
2656,4
2657,4
2658,4
2659,4
2660,4
2661,4
2662,4
2663,4
2664,4
2665,4
2666,4
2667,4
2668,4
2669,4
2670,4
2671,4
2672,4
2673,4
2674,4
2675,4
2676,4
2677,4
2678,4
2679,4
2680,4
2681,4
2682,4
2683,4
2684,4
2685,4
2686,4
2687,4
2688,4
2689,4
2690,4
2691,4
2692,4
2693,4
2694,4
2695,4
2696,4
2697,4
2698,4
2699,4
2700,4
2701,4
2702,4
2703,4
2704,4
2705,4
2706,4
2707,4
2708,4
2709,4
2710,4
2711,4
2712,4
2713,4
2714,4
2715,4
2716,4
2717,4
2718,4
2719,4
2720,4
2721,4
2722,4
2723,4
2724,4
2725,4
2726,4
2727,4
2728,4
2729,4
2730,4
2731,4
2732,4
2733,4
2734,4
2735,4
2736,4
2737,4
2738,4
2739,4
2740,4
2741,4
2742,4
2743,4
2744,4
2745,4
2746,4
2747,4
2748,4
2749,4
2750,4
2751,4
2752,4
2753,4
2754,4
2755,4
2756,4
2757,4
2758,4
2759,4
2760,4
2761,4
2762,4
2763,4
2764,4
2765,4
2766,4
2767,4
2768,4
2769,4
2770,4
2771,4
2772,4
2773,4
2774,4
2775,4
2776,4
2777,4
2778,4
2779,4
2780,4
2781,4
2782,4
2783,4
2784,4
2785,4
2786,4
2787,4
2788,4
2789,4
2790,4
2791,4
2792,4
2793,4
2794,4
2795,4
2796,4
2797,4
2798,4
2799,4
2800,4
2801,4
2802,4
2803,4
2804,4
2805,4
2806,4
2807,4
2808,4
2809,4
2810,4
2811,4
2812,4
2813,4
2814,4
2815,4
2816,4
2817,4
2818,4
2819,4
2820,4
2821,4
2822,4
2823,4
2824,4
2825,4
2826,4
2827,4
2828,4
2829,4
2830,4
2831,4
2832,4
2833,4
2834,4
2835,4
2836,4
2837,4
2838,4
2839,4
2840,4
2841,4
2842,4
2843,4
2844,4
2845,4
2846,4
2847,4
2848,4
2849,4
2850,4
2851,4
2852,4
2853,4
2854,4
2855,4
2856,4
2857,4
2858,4
2859,4
2860,4
2861,4
2862,4
2863,4
2864,4
2865,4
2866,4
2867,4
2868,4
2869,4
2870,4
2871,4
2872,4
2873,4
2874,4
2875,4
2876,4
2877,4
2878,4
2879,4
2880,4
2881,4
2882,4
2883,4
2884,4
2885,4
2886,4
2887,4
2888,4
2889,4
2890,4
2891,4
2892,4
2893,4
2894,4
2895,4
2896,4
2897,4
2898,4
2899,4
2900,4
2901,4
2902,4
2903,4
2904,4
2905,4
2906,4
2907,4
2908,4
2909,4
2910,4
2911,4
2912,4
2913,4
2914,4
2915,4
2916,4
2917,4
2918,4
2919,4
2920,4
2921,4
2922,4
2923,4
2924,4
2925,4
2926,4
2927,4
2928,4
2929,4
2930,4
2931,4
2932,4
2933,4
2934,4
2935,4
2936,4
2937,4
2938,4
2939,4
2940,4
2941,4
2942,4
2943,4
2944,4
2945,4
2946,4
2947,4
2948,4
2949,4
2950,4
2951,4
2952,4
2953,4
2954,4
2955,4
2956,4
2957,4
2958,4
2959,4
2960,4
2961,4
2962,4
2963,4
2964,4
2965,4
2966,4
2967,4
2968,4
2969,4
2970,4
2971,4
2972,4
2973,4
2974,4
2975,4
2976,4
2977,4
2978,4
2979,4
2980,4
2981,4
2982,4
2983,4
2984,4
2985,4
2986,4
2987,4
2988,4
2989,4
2990,4
2991,4
2992,4
2993,4
2994,4
2995,4
2996,4
2997,4
2998,4
2999,4
3000,4
3001,4
3002,4
3003,4
3004,4
3005,4
3006,4
3007,4
3008,4
3009,4
3010,4
3011,4
3012,4
3013,4
3014,4
3015,4
3016,4
3017,4
3018,4
3019,4
3020,4
3021,4
3022,4
3023,4
3024,4
3025,4
3026,4
3027,4
3028,4
3029,4
3030,4
3031,4
3032,4
3033,4
3034,4
3035,4
3036,4
3037,4
3038,4
3039,4
3040,4
3041,4
3042,4
3043,4
3044,4
3045,4
3046,4
3047,4
3048,4
3049,4
3050,4
3051,4
3052,4
3053,4
3054,4
3055,4
3056,4
3057,4
3058,4
3059,4
3060,4
3061,4
3062,4
3063,4
3064,4
3065,4
3066,4
3067,4
3068,4
3069,4
3070,4
3071,4
3072,4
3073,4
3074,4
3075,4
3076,4
3077,4
3078,4
3079,4
3080,4
3081,4
3082,4
3083,4
3084,4
3085,4
3086,4
3087,4
3088,4
3089,4
3090,4
3091,4
3092,4
3093,4
3094,4
3095,4
3096,4
3097,4
3098,4
3099,4
3100,4
3101,4
3102,4
3103,4
3104,4
3105,4
3106,4
3107,4
3108,4
3109,4
3110,4
3111,4
3112,4
3113,4
3114,4
3115,4
3116,4
3117,4
3118,4
3119,4
3120,4
3121,4
3122,4
3123,4
3124,4
3125,4
3126,4
3127,4
3128,4
3129,4
3130,4
3131,4
3132,4
3133,4
3134,4
3135,4
3136,4
3137,4
3138,4
3139,4
3140,4
3141,4
3142,4
3143,4
3144,4
3145,4
3146,3
3147,3
3148,3
3149,3
3150,3
3151,3
3152,3
3153,3
3154,3
3155,3
3156,3
3157,3
3158,3
3159,3
3160,3
3161,3
3162,3
3163,3
3164,3
3165,3
3166,3
3167,3
3168,3
3169,3
3170,3
3171,3
3172,3
3173,3
3174,3
3175,3
3176,3
3177,3
3178,3
3179,3
3180,3
3181,3
3182,3
3183,3
3184,3
3185,3
3186,3
3187,3
3188,3
3189,3
3190,3
3191,3
3192,3
3193,3
3194,3
3195,3
3196,3
3197,3
3198,3
3199,3
3200,3
3201,3
3202,3
3203,3
3204,3
3205,3
3206,3
3207,3
3208,3
3209,3
3210,3
3211,3
3212,3
3213,3
3214,3
3215,3
3216,3
3217,3
3218,3
3219,3
3220,3
3221,3
3222,3
3223,3
3224,3
3225,3
3226,3
3227,3
3228,3
3229,3
3230,3
3231,3
3232,3
3233,3
3234,3
3235,3
3236,3
3237,3
3238,3
3239,3
3240,3
3241,3
3242,3
3243,3
3244,3
3245,3
3246,3
3247,3
3248,3
3249,3
3250,3
3251,3
3252,3
3253,3
3254,3
3255,3
3256,3
3257,3
3258,3
3259,3
3260,3
3261,3
3262,3
3263,3
3264,3
3265,3
3266,3
3267,3
3268,3
3269,3
3270,3
3271,3
3272,3
3273,3
3274,3
3275,3
3276,3
3277,3
3278,3
3279,3
3280,3
3281,3
3282,3
3283,3
3284,3
3285,3
3286,3
3287,3
3288,3
3289,3
3290,3
3291,3
3292,3
3293,3
3294,3
3295,3
3296,3
3297,3
3298,3
3299,3
3300,3
3301,3
3302,3
3303,3
3304,3
3305,3
3306,3
3307,3
3308,3
3309,3
3310,3
3311,3
3312,3
3313,3
3314,3
3315,3
3316,3
3317,3
3318,3
3319,3
3320,3
3321,3
3322,3
3323,3
3324,3
3325,3
3326,3
3327,3
3328,3
3329,3
3330,3
3331,3
3332,3
3333,3
3334,3
3335,3
3336,3
3337,3
3338,3
3339,3
3340,3
3341,3
3342,3
3343,3
3344,3
3345,3
3346,3
3347,3
3348,3
3349,3
3350,3
3351,3
3352,3
3353,3
3354,3
3355,3
3356,3
3357,3
3358,3
3359,3
3360,3
3361,3
3362,3
3363,3
3364,3
3365,3
3366,3
3367,3
3368,3
3369,3
3370,3
3371,3
3372,3
3373,3
3374,3
3375,3
3376,3
3377,3
3378,3
3379,3
3380,3
3381,3
3382,3
3383,3
3384,3
3385,3
3386,3
3387,3
3388,3
3389,3
3390,3
3391,3
3392,3
3393,3
3394,3
3395,3
3396,3
3397,3
3398,3
3399,3
3400,3
3401,3
3402,3
3403,3
3404,3
3405,3
3406,3
3407,3
3408,3
3409,3
3410,3
3411,3
3412,3
3413,3
3414,3
3415,3
3416,3
3417,3
3418,3
3419,3
3420,3
3421,3
3422,3
3423,3
3424,3
3425,3
3426,3
3427,3
3428,3
3429,3
3430,3
3431,3
3432,3
3433,3
3434,3
3435,3
3436,3
3437,3
3438,3
3439,3
3440,3
3441,3
3442,3
3443,3
3444,3
3445,3
3446,3
3447,3
3448,3
3449,3
3450,3
3451,3
3452,3
3453,3
3454,3
3455,3
3456,3
3457,3
3458,3
3459,3
3460,3
3461,3
3462,3
3463,3
3464,3
3465,3
3466,3
3467,3
3468,3
3469,3
3470,3
3471,3
3472,3
3473,3
3474,3
3475,3
3476,3
3477,3
3478,3
3479,3
3480,3
3481,3
3482,3
3483,3
3484,3
3485,3
3486,3
3487,3
3488,3
3489,3
3490,3
3491,3
3492,3
3493,3
3494,3
3495,3
3496,3
3497,3
3498,3
3499,3
3500,3
3501,3
3502,3
3503,3
3504,3
3505,3
3506,3
3507,3
3508,3
3509,3
3510,3
3511,3
3512,3
3513,3
3514,3
3515,3
3516,3
3517,3
3518,3
3519,3
3520,3
3521,3
3522,3
3523,3
3524,3
3525,3
3526,3
3527,3
3528,3
3529,3
3530,3
3531,3
3532,3
3533,3
3534,3
3535,3
3536,3
3537,3
3538,3
3539,3
3540,3
3541,3
3542,3
3543,3
3544,3
3545,3
3546,3
3547,3
3548,3
3549,3
3550,3
3551,3
3552,3
3553,3
3554,3
3555,3
3556,3
3557,3
3558,3
3559,3
3560,3
3561,3
3562,3
3563,3
3564,3
3565,3
3566,3
3567,3
3568,3
3569,3
3570,3
3571,3
3572,3
3573,3
3574,3
3575,3
3576,3
3577,3
3578,3
3579,3
3580,3
3581,3
3582,3
3583,3
3584,3
3585,3
3586,3
3587,3
3588,3
3589,3
3590,3
3591,3
3592,3
3593,3
3594,3
3595,3
3596,3
3597,3
3598,3
3599,3
3600,3
3601,3
3602,3
3603,3
3604,3
3605,3
3606,3
3607,3
3608,3
3609,3
3610,3
3611,3
3612,3
3613,3
3614,3
3615,3
3616,3
3617,3
3618,3
3619,3
3620,3
3621,3
3622,3
3623,3
3624,3
3625,3
3626,3
3627,3
3628,3
3629,3
3630,3
3631,3
3632,3
3633,3
3634,3
3635,3
3636,3
3637,3
3638,3
3639,3
3640,3
3641,3
3642,3
3643,3
3644,3
3645,3
3646,3
3647,3
3648,3
3649,3
3650,3
3651,3
3652,3
3653,3
3654,3
3655,3
3656,3
3657,3
3658,3
3659,3
3660,3
3661,3
3662,3
3663,3
3664,3
3665,3
3666,3
3667,3
3668,3
3669,3
3670,3
3671,3
3672,3
3673,3
3674,3
3675,3
3676,3
3677,3
3678,3
3679,3
3680,3
3681,3
3682,3
3683,3
3684,3
3685,3
3686,3
3687,3
3688,3
3689,3
3690,3
3691,3
3692,3
3693,3
3694,3
3695,3
3696,3
3697,3
3698,3
3699,3
3700,3
3701,3
3702,3
3703,3
3704,3
3705,3
3706,3
3707,3
3708,3
3709,3
3710,3
3711,3
3712,3
3713,3
3714,3
3715,3
3716,3
3717,3
3718,3
3719,3
3720,3
3721,3
3722,3
3723,3
3724,3
3725,3
3726,3
3727,3
3728,3
3729,3
3730,3
3731,3
3732,3
3733,3
3734,3
3735,3
3736,3
3737,3
3738,3
3739,3
3740,3
3741,3
3742,3
3743,3
3744,3
3745,3
3746,3
3747,3
3748,3
3749,3
3750,3
3751,3
3752,3
3753,3
3754,3
3755,3
3756,3
3757,3
3758,3
3759,3
3760,3
3761,3
3762,3
3763,3
3764,3
3765,3
3766,3
3767,3
3768,3
3769,3
3770,3
3771,3
3772,3
3773,3
3774,3
3775,3
3776,3
3777,3
3778,3
3779,3
3780,3
3781,3
3782,3
3783,3
3784,3
3785,3
3786,3
3787,3
3788,3
3789,3
3790,3
3791,3
3792,3
3793,3
3794,3
3795,3
3796,3
3797,3
3798,3
3799,3
3800,3
3801,3
3802,3
3803,3
3804,3
3805,3
3806,3
3807,3
3808,3
3809,3
3810,3
3811,3
3812,3
3813,3
3814,3
3815,3
3816,3
3817,3
3818,3
3819,3
3820,3
3821,3
3822,3
3823,3
3824,3
3825,3
3826,3
3827,3
3828,3
3829,3
3830,3
3831,3
3832,3
3833,3
3834,3
3835,3
3836,3
3837,3
3838,3
3839,3
3840,3
3841,3
3842,3
3843,3
3844,3
3845,3
3846,3
3847,3
3848,3
3849,3
3850,3
3851,3
3852,3
3853,3
3854,3
3855,3
3856,3
3857,3
3858,3
3859,3
3860,3
3861,3
3862,3
3863,3
3864,3
3865,3
3866,3
3867,3
3868,3
3869,3
3870,3
3871,3
3872,3
3873,3
3874,3
3875,3
3876,3
3877,3
3878,3
3879,3
3880,3
3881,3
3882,3
3883,3
3884,3
3885,3
3886,3
3887,3
3888,3
3889,3
3890,3
3891,3
3892,3
3893,3
3894,3
3895,3
3896,3
3897,3
3898,3
3899,3
3900,3
3901,3
3902,3
3903,3
3904,3
3905,3
3906,3
3907,3
3908,3
3909,3
3910,3
3911,3
3912,3
3913,3
3914,3
3915,3
3916,3
3917,3
3918,3
3919,3
3920,3
3921,3
3922,3
3923,3
3924,3
3925,3
3926,3
3927,3
3928,3
3929,3
3930,3
3931,3
3932,3
3933,3
3934,3
3935,3
3936,3
3937,3
3938,3
3939,3
3940,3
3941,3
3942,3
3943,3
3944,3
3945,3
3946,3
3947,3
3948,3
3949,3
3950,3
3951,3
3952,3
3953,3
3954,3
3955,3
3956,3
3957,3
3958,3
3959,3
3960,3
3961,3
3962,3
3963,3
3964,3
3965,3
3966,3
3967,3
3968,3
3969,3
3970,3
3971,3
3972,3
3973,3
3974,3
3975,3
3976,3
3977,3
3978,3
3979,3
3980,3
3981,3
3982,3
3983,3
3984,3
3985,3
3986,3
3987,3
3988,3
3989,3
3990,3
3991,3
3992,3
3993,3
3994,3
3995,3
3996,3
3997,3
3998,3
3999,3
4000,3
4001,3
4002,3
4003,3
4004,3
4005,3
4006,3
4007,3
4008,3
4009,3
4010,3
4011,3
4012,3
4013,3
4014,3
4015,3
4016,3
4017,3
4018,3
4019,3
4020,3
4021,3
4022,3
4023,3
4024,3
4025,3
4026,3
4027,3
4028,3
4029,3
4030,3
4031,3
4032,3
4033,3
4034,3
4035,3
4036,3
4037,3
4038,3
4039,3
4040,3
4041,3
4042,3
4043,3
4044,3
4045,3
4046,3
4047,3
4048,3
4049,3
4050,3
4051,3
4052,3
4053,3
4054,3
4055,3
4056,3
4057,3
4058,3
4059,3
4060,3
4061,3
4062,3
4063,3
4064,3
4065,3
4066,3
4067,3
4068,3
4069,3
4070,3
4071,3
4072,3
4073,3
4074,3
4075,3
4076,3
4077,3
4078,3
4079,3
4080,3
4081,3
4082,3
4083,3
4084,3
4085,3
4086,3
4087,3
4088,3
4089,3
4090,3
4091,3
4092,3
4093,3
4094,3
4095,3
4096,3
4097,3
4098,3
4099,3
4100,3
4101,3
4102,3
4103,3
4104,3
4105,3
4106,3
4107,3
4108,3
4109,3
4110,3
4111,3
4112,3
4113,3
4114,3
4115,3
4116,3
4117,3
4118,3
4119,3
4120,3
4121,3
4122,3
4123,3
4124,3
4125,3
4126,3
4127,3
4128,3
4129,3
4130,3
4131,3
4132,3
4133,3
4134,3
4135,3
4136,3
4137,3
4138,3
4139,3
4140,3
4141,3
4142,3
4143,3
4144,3
4145,3
4146,3
4147,3
4148,3
4149,3
4150,3
4151,3
4152,3
4153,3
4154,3
4155,3
4156,3
4157,3
4158,3
4159,3
4160,3
4161,3
4162,3
4163,3
4164,3
4165,3
4166,3
4167,3
4168,3
4169,3
4170,3
4171,3
4172,3
4173,3
4174,3
4175,3
4176,3
4177,3
4178,3
4179,3
4180,3
4181,3
4182,3
4183,3
4184,3
4185,3
4186,3
4187,3
4188,3
4189,3
4190,3
4191,3
4192,3
4193,3
4194,3
4195,3
4196,3
4197,3
4198,3
4199,3
4200,3
4201,3
4202,3
4203,3
4204,3
4205,3
4206,3
4207,3
4208,3
4209,3
4210,3
4211,3
4212,3
4213,3
4214,3
4215,3
4216,3
4217,3
4218,3
4219,3
4220,3
4221,3
4222,3
4223,3
4224,3
4225,3
4226,3
4227,3
4228,3
4229,3
4230,3
4231,3
4232,3
4233,3
4234,3
4235,3
4236,3
4237,3
4238,3
4239,3
4240,3
4241,3
4242,3
4243,3
4244,3
4245,3
4246,3
4247,3
4248,3
4249,3
4250,3
4251,3
4252,3
4253,3
4254,3
4255,3
4256,3
4257,3
4258,3
4259,3
4260,3
4261,3
4262,3
4263,3
4264,3
4265,3
4266,3
4267,3
4268,3
4269,3
4270,3
4271,3
4272,3
4273,3
4274,3
4275,3
4276,3
4277,3
4278,3
4279,3
4280,3
4281,3
4282,3
4283,3
4284,3
4285,3
4286,3
4287,3
4288,3
4289,3
4290,3
4291,3
4292,3
4293,3
4294,3
4295,3
4296,3
4297,3
4298,3
4299,3
4300,3
4301,3
4302,3
4303,3
4304,3
4305,3
4306,3
4307,3
4308,3
4309,3
4310,3
4311,3
4312,3
4313,3
4314,3
4315,3
4316,3
4317,3
4318,3
4319,3
4320,3
4321,3
4322,3
4323,3
4324,3
4325,3
4326,3
4327,3
4328,3
4329,3
4330,3
4331,3
4332,3
4333,3
4334,3
4335,3
4336,3
4337,3
4338,3
4339,3
4340,3
4341,3
4342,3
4343,3
4344,3
4345,3
4346,3
4347,3
4348,3
4349,3
4350,3
4351,3
4352,3
4353,3
4354,3
4355,3
4356,3
4357,3
4358,3
4359,3
4360,3
4361,3
4362,3
4363,3
4364,3
4365,3
4366,3
4367,3
4368,3
4369,3
4370,3
4371,3
4372,3
4373,3
4374,3
4375,3
4376,3
4377,3
4378,3
4379,3
4380,3
4381,3
4382,3
4383,3
4384,3
4385,3
4386,3
4387,3
4388,3
4389,3
4390,3
4391,3
4392,3
4393,3
4394,3
4395,3
4396,3
4397,3
4398,3
4399,3
4400,3
4401,3
4402,3
4403,3
4404,3
4405,3
4406,3
4407,3
4408,3
4409,3
4410,3
4411,3
4412,3
4413,3
4414,3
4415,3
4416,3
4417,3
4418,3
4419,3
4420,3
4421,3
4422,3
4423,3
4424,3
4425,3
4426,3
4427,3
4428,3
4429,3
4430,3
4431,3
4432,3
4433,3
4434,3
4435,3
4436,3
4437,3
4438,3
4439,3
4440,3
4441,3
4442,3
4443,3
4444,3
4445,3
4446,3
4447,3
4448,3
4449,3
4450,3
4451,3
4452,3
4453,3
4454,3
4455,3
4456,3
4457,3
4458,3
4459,3
4460,3
4461,3
4462,3
4463,3
4464,3
4465,3
4466,3
4467,3
4468,3
4469,3
4470,3
4471,3
4472,3
4473,3
4474,3
4475,3
4476,3
4477,3
4478,3
4479,3
4480,3
4481,3
4482,3
4483,3
4484,3
4485,3
4486,3
4487,3
4488,3
4489,3
4490,3
4491,3
4492,3
4493,3
4494,3
4495,3
4496,3
4497,3
4498,3
4499,3
4500,3
4501,3
4502,3
4503,3
4504,3
4505,3
4506,3
4507,3
4508,3
4509,3
4510,3
4511,3
4512,3
4513,3
4514,3
4515,3
4516,3
4517,3
4518,3
4519,3
4520,3
4521,3
4522,3
4523,3
4524,3
4525,3
4526,3
4527,3
4528,3
4529,3
4530,3
4531,3
4532,3
4533,3
4534,3
4535,3
4536,3
4537,3
4538,3
4539,3
4540,3
4541,3
4542,3
4543,3
4544,3
4545,3
4546,3
4547,3
4548,3
4549,3
4550,3
4551,3
4552,3
4553,3
4554,3
4555,3
4556,3
4557,3
4558,3
4559,3
4560,3
4561,3
4562,3
4563,3
4564,3
4565,3
4566,3
4567,3
4568,3
4569,3
4570,3
4571,3
4572,3
4573,3
4574,3
4575,3
4576,3
4577,3
4578,3
4579,3
4580,3
4581,3
4582,3
4583,3
4584,3
4585,3
4586,3
4587,3
4588,3
4589,3
4590,3
4591,3
4592,3
4593,3
4594,3
4595,3
4596,3
4597,3
4598,3
4599,3
4600,3
4601,3
4602,3
4603,3
4604,3
4605,3
4606,3
4607,3
4608,3
4609,3
4610,3
4611,3
4612,3
4613,3
4614,3
4615,3
4616,3
4617,3
4618,3
4619,3
4620,3
4621,3
4622,3
4623,3
4624,3
4625,3
4626,3
4627,3
4628,3
4629,3
4630,3
4631,3
4632,3
4633,3
4634,3
4635,3
4636,3
4637,3
4638,3
4639,3
4640,3
4641,3
4642,3
4643,3
4644,3
4645,3
4646,3
4647,3
4648,3
4649,3
4650,3
4651,3
4652,3
4653,3
4654,3
4655,3
4656,3
4657,3
4658,3
4659,3
4660,3
4661,3
4662,3
4663,3
4664,3
4665,3
4666,3
4667,3
4668,3
4669,3
4670,3
4671,3
4672,3
4673,3
4674,3
4675,3
4676,3
4677,3
4678,3
4679,3
4680,3
4681,3
4682,3
4683,3
4684,3
4685,3
4686,3
4687,3
4688,3
4689,3
4690,3
4691,3
4692,3
4693,3
4694,3
4695,3
4696,3
4697,3
4698,3
4699,3
4700,3
4701,3
4702,3
4703,3
4704,3
4705,3
4706,3
4707,3
4708,3
4709,3
4710,3
4711,3
4712,3
4713,3
4714,3
4715,3
4716,3
4717,3
4718,3
4719,3
4720,3
4721,3
4722,3
4723,3
4724,3
4725,3
4726,3
4727,3
4728,3
4729,3
4730,3
4731,3
4732,3
4733,3
4734,3
4735,3
4736,3
4737,3
4738,3
4739,3
4740,3
4741,3
4742,3
4743,3
4744,3
4745,3
4746,3
4747,3
4748,3
4749,3
4750,3
4751,3
4752,3
4753,3
4754,3
4755,3
4756,3
4757,3
4758,3
4759,3
4760,3
4761,3
4762,3
4763,3
4764,3
4765,3
4766,3
4767,3
4768,3
4769,3
4770,3
4771,3
4772,3
4773,3
4774,3
4775,3
4776,3
4777,3
4778,3
4779,3
4780,3
4781,3
4782,3
4783,3
4784,3
4785,3
4786,3
4787,3
4788,3
4789,3
4790,3
4791,3
4792,3
4793,3
4794,3
4795,3
4796,3
4797,3
4798,3
4799,3
4800,3
4801,3
4802,3
4803,3
4804,3
4805,3
4806,3
4807,3
4808,3
4809,3
4810,3
4811,3
4812,3
4813,3
4814,3
4815,3
4816,3
4817,3
4818,3
4819,3
4820,3
4821,3
4822,3
4823,3
4824,3
4825,3
4826,3
4827,3
4828,3
4829,3
4830,3
4831,3
4832,3
4833,3
4834,3
4835,3
4836,3
4837,3
4838,3
4839,3
4840,3
4841,3
4842,3
4843,3
4844,3
4845,3
4846,3
4847,3
4848,3
4849,3
4850,3
4851,3
4852,3
4853,3
4854,3
4855,3
4856,3
4857,3
4858,3
4859,3
4860,3
4861,3
4862,3
4863,3
4864,3
4865,3
4866,3
4867,3
4868,3
4869,3
4870,3
4871,3
4872,3
4873,3
4874,3
4875,3
4876,3
4877,3
4878,3
4879,3
4880,3
4881,3
4882,3
4883,3
4884,3
4885,3
4886,3
4887,3
4888,3
4889,3
4890,3
4891,3
4892,3
4893,3
4894,3
4895,3
4896,3
4897,3
4898,3
4899,3
4900,3
4901,3
4902,3
4903,3
4904,3
4905,3
4906,3
4907,3
4908,3
4909,3
4910,3
4911,3
4912,3
4913,3
4914,3
4915,3
4916,3
4917,3
4918,3
4919,3
4920,3
4921,3
4922,3
4923,3
4924,3
4925,3
4926,3
4927,3
4928,3
4929,3
4930,3
4931,3
4932,3
4933,3
4934,3
4935,3
4936,3
4937,3
4938,3
4939,3
4940,3
4941,3
4942,3
4943,3
4944,3
4945,3
4946,3
4947,3
4948,3
4949,3
4950,3
4951,3
4952,3
4953,3
4954,3
4955,3
4956,3
4957,3
4958,3
4959,3
4960,3
4961,3
4962,3
4963,3
4964,3
4965,3
4966,3
4967,3
4968,3
4969,3
4970,3
4971,3
4972,3
4973,3
4974,3
4975,3
4976,3
4977,3
4978,3
4979,3
4980,3
4981,3
4982,3
4983,3
4984,3
4985,3
4986,3
4987,3
4988,3
4989,3
4990,3
4991,3
4992,3
4993,3
4994,3
4995,3
4996,3
4997,3
4998,3
4999,3
5000,3
5001,3
5002,3
5003,3
5004,3
5005,3
5006,3
5007,3
5008,3
5009,3
5010,3
5011,3
5012,3
5013,3
5014,3
5015,3
5016,3
5017,3
5018,3
5019,3
5020,3
5021,3
5022,3
5023,3
5024,3
5025,3
5026,3
5027,3
5028,3
5029,3
5030,3
5031,3
5032,3
5033,3
5034,3
5035,3
5036,3
5037,3
5038,3
5039,3
5040,3
5041,3
5042,3
5043,3
5044,3
5045,3
5046,3
5047,3
5048,3
5049,3
5050,3
5051,3
5052,3
5053,3
5054,3
5055,3
5056,3
5057,3
5058,3
5059,3
5060,3
5061,3
5062,3
5063,3
5064,3
5065,3
5066,3
5067,3
5068,3
5069,3
5070,3
5071,3
5072,3
5073,3
5074,3
5075,3
5076,3
5077,3
5078,3
5079,3
5080,3
5081,3
5082,3
5083,3
5084,3
5085,3
5086,3
5087,3
5088,3
5089,3
5090,3
5091,3
5092,3
5093,3
5094,3
5095,3
5096,3
5097,3
5098,3
5099,3
5100,3
5101,3
5102,3
5103,3
5104,3
5105,3
5106,3
5107,3
5108,3
5109,3
5110,3
5111,3
5112,3
5113,3
5114,3
5115,3
5116,3
5117,3
5118,3
5119,3
5120,3
5121,3
5122,3
5123,3
5124,3
5125,3
5126,3
5127,3
5128,3
5129,3
5130,3
5131,3
5132,3
5133,3
5134,3
5135,3
5136,3
5137,3
5138,3
5139,3
5140,3
5141,3
5142,3
5143,3
5144,3
5145,3
5146,3
5147,3
5148,3
5149,3
5150,3
5151,3
5152,3
5153,3
5154,3
5155,3
5156,3
5157,3
5158,3
5159,3
5160,3
5161,3
5162,3
5163,3
5164,3
5165,3
5166,3
5167,3
5168,3
5169,3
5170,3
5171,3
5172,3
5173,3
5174,3
5175,3
5176,3
5177,3
5178,3
5179,3
5180,3
5181,3
5182,3
5183,3
5184,3
5185,3
5186,3
5187,3
5188,3
5189,3
5190,3
5191,3
5192,3
5193,3
5194,3
5195,3
5196,3
5197,3
5198,3
5199,3
5200,3
5201,3
5202,3
5203,3
5204,3
5205,3
5206,3
5207,3
5208,3
5209,3
5210,3
5211,3
5212,3
5213,3
5214,3
5215,3
5216,3
5217,3
5218,3
5219,3
5220,3
5221,3
5222,3
5223,3
5224,3
5225,3
5226,3
5227,3
5228,3
5229,3
5230,3
5231,3
5232,3
5233,3
5234,3
5235,3
5236,3
5237,3
5238,3
5239,3
5240,3
5241,3
5242,3
5243,3
5244,3
5245,3
5246,3
5247,3
5248,3
5249,3
5250,3
5251,3
5252,3
5253,3
5254,3
5255,3
5256,3
5257,3
5258,3
5259,3
5260,3
5261,3
5262,3
5263,3
5264,3
5265,3
5266,3
5267,3
5268,3
5269,3
5270,3
5271,3
5272,3
5273,3
5274,3
5275,3
5276,3
5277,3
5278,3
5279,3
5280,3
5281,3
5282,3
5283,3
5284,3
5285,3
5286,3
5287,3
5288,3
5289,3
5290,3
5291,3
5292,3
5293,3
5294,3
5295,3
5296,3
5297,3
5298,3
5299,3
5300,3
5301,3
5302,3
5303,3
5304,3
5305,3
5306,3
5307,3
5308,3
5309,3
5310,3
5311,3
5312,3
5313,3
5314,3
5315,3
5316,3
5317,3
5318,3
5319,3
5320,3
5321,3
5322,3
5323,3
5324,3
5325,3
5326,3
5327,3
5328,3
5329,3
5330,3
5331,3
5332,3
5333,3
5334,3
5335,3
5336,3
5337,3
5338,3
5339,3
5340,3
5341,3
5342,3
5343,3
5344,3
5345,3
5346,3
5347,3
5348,3
5349,3
5350,3
5351,3
5352,3
5353,3
5354,3
5355,3
5356,3
5357,3
5358,3
5359,3
5360,3
5361,3
5362,3
5363,3
5364,3
5365,3
5366,3
5367,3
5368,3
5369,3
5370,3
5371,3
5372,3
5373,3
5374,3
5375,3
5376,3
5377,3
5378,3
5379,3
5380,3
5381,3
5382,3
5383,3
5384,3
5385,3
5386,3
5387,3
5388,3
5389,3
5390,3
5391,3
5392,3
5393,3
5394,3
5395,3
5396,3
5397,3
5398,3
5399,3
5400,3
5401,3
5402,3
5403,3
5404,3
5405,3
5406,3
5407,3
5408,3
5409,3
5410,3
5411,3
5412,3
5413,3
5414,3
5415,3
5416,3
5417,3
5418,3
5419,3
5420,3
5421,3
5422,3
5423,3
5424,3
5425,3
5426,3
5427,3
5428,3
5429,3
5430,3
5431,3
5432,3
5433,3
5434,3
5435,3
5436,3
5437,3
5438,3
5439,3
5440,3
5441,3
5442,3
5443,3
5444,3
5445,3
5446,3
5447,3
5448,3
5449,3
5450,3
5451,3
5452,3
5453,3
5454,3
5455,3
5456,3
5457,3
5458,3
5459,3
5460,3
5461,3
5462,3
5463,3
5464,3
5465,3
5466,3
5467,3
5468,3
5469,3
5470,3
5471,3
5472,3
5473,3
5474,3
5475,3
5476,3
5477,3
5478,3
5479,3
5480,3
5481,3
5482,3
5483,3
5484,3
5485,3
5486,3
5487,3
5488,3
5489,3
5490,3
5491,3
5492,3
5493,3
5494,3
5495,3
5496,3
5497,3
5498,3
5499,3
5500,3
5501,3
5502,3
5503,3
5504,3
5505,3
5506,3
5507,3
5508,3
5509,3
5510,3
5511,3
5512,3
5513,3
5514,3
5515,3
5516,3
5517,3
5518,3
5519,3
5520,3
5521,3
5522,3
5523,3
5524,3
5525,3
5526,3
5527,3
5528,3
5529,3
5530,3
5531,3
5532,3
5533,3
5534,3
5535,3
5536,3
5537,3
5538,3
5539,3
5540,3
5541,3
5542,3
5543,3
5544,3
5545,3
5546,3
5547,3
5548,3
5549,3
5550,3
5551,3
5552,3
5553,3
5554,3
5555,3
5556,3
5557,3
5558,3
5559,3
5560,3
5561,3
5562,3
5563,3
5564,3
5565,3
5566,3
5567,3
5568,3
5569,3
5570,3
5571,3
5572,3
5573,3
5574,3
5575,3
5576,3
5577,3
5578,3
5579,3
5580,3
5581,3
5582,3
5583,3
5584,3
5585,3
5586,3
5587,3
5588,3
5589,3
5590,3
5591,3
5592,3
5593,3
5594,3
5595,3
5596,3
5597,3
5598,3
5599,3
5600,3
5601,3
5602,3
5603,3
5604,3
5605,3
5606,3
5607,3
5608,3
5609,3
5610,3
5611,3
5612,3
5613,3
5614,3
5615,3
5616,3
5617,3
5618,3
5619,3
5620,3
5621,3
5622,3
5623,3
5624,3
5625,3
5626,3
5627,3
5628,3
5629,3
5630,3
5631,3
5632,3
5633,3
5634,3
5635,3
5636,3
5637,3
5638,3
5639,3
5640,3
5641,3
5642,3
5643,3
5644,3
5645,3
5646,3
5647,3
5648,3
5649,3
5650,3
5651,3
5652,3
5653,3
5654,3
5655,3
5656,3
5657,3
5658,3
5659,3
5660,3
5661,3
5662,3
5663,3
5664,3
5665,3
5666,3
5667,3
5668,3
5669,3
5670,3
5671,3
5672,3
5673,3
5674,3
5675,3
5676,3
5677,3
5678,3
5679,3
5680,3
5681,3
5682,3
5683,3
5684,3
5685,3
5686,3
5687,3
5688,3
5689,3
5690,3
5691,3
5692,3
5693,3
5694,3
5695,3
5696,3
5697,3
5698,3
5699,3
5700,3
5701,3
5702,3
5703,3
5704,3
5705,3
5706,3
5707,3
5708,3
5709,3
5710,3
5711,3
5712,3
5713,3
5714,3
5715,3
5716,3
5717,3
5718,3
5719,3
5720,3
5721,3
5722,3
5723,3
5724,3
5725,3
5726,3
5727,3
5728,3
5729,3
5730,3
5731,3
5732,3
5733,3
5734,3
5735,3
5736,3
5737,3
5738,3
5739,3
5740,3
5741,3
5742,3
5743,3
5744,3
5745,3
5746,3
5747,3
5748,3
5749,3
5750,3
5751,3
5752,3
5753,3
5754,3
5755,3
5756,3
5757,3
5758,3
5759,3
5760,3
5761,3
5762,3
5763,3
5764,3
5765,3
5766,3
5767,3
5768,3
5769,3
5770,3
5771,3
5772,3
5773,3
5774,3
5775,3
5776,3
5777,3
5778,3
5779,3
5780,3
5781,3
5782,3
5783,3
5784,3
5785,3
5786,3
5787,3
5788,3
5789,3
5790,3
5791,3
5792,3
5793,3
5794,3
5795,3
5796,3
5797,3
5798,3
5799,3
5800,3
5801,3
5802,3
5803,3
5804,3
5805,3
5806,3
5807,3
5808,3
5809,3
5810,3
5811,3
5812,3
5813,3
5814,3
5815,3
5816,3
5817,3
5818,3
5819,3
5820,3
5821,3
5822,3
5823,3
5824,3
5825,3
5826,3
5827,3
5828,3
5829,3
5830,3
5831,3
5832,3
5833,3
5834,3
5835,3
5836,3
5837,3
5838,3
5839,3
5840,3
5841,3
5842,3
5843,3
5844,3
5845,3
5846,3
5847,3
5848,3
5849,3
5850,3
5851,3
5852,3
5853,3
5854,3
5855,3
5856,3
5857,3
5858,3
5859,3
5860,3
5861,3
5862,3
5863,3
5864,3
5865,3
5866,3
5867,3
5868,3
5869,3
5870,3
5871,3
5872,3
5873,3
5874,3
5875,3
5876,3
5877,3
5878,3
5879,3
5880,3
5881,3
5882,3
5883,3
5884,3
5885,3
5886,3
5887,3
5888,3
5889,3
5890,3
5891,3
5892,3
5893,3
5894,3
5895,3
5896,3
5897,3
5898,3
5899,3
5900,3
5901,3
5902,3
5903,3
5904,3
5905,3
5906,3
5907,3
5908,3
5909,3
5910,3
5911,3
5912,3
5913,3
5914,3
5915,3
5916,3
5917,3
5918,3
5919,3
5920,3
5921,3
5922,3
5923,3
5924,3
5925,3
5926,3
5927,3
5928,3
5929,3
5930,3
5931,3
5932,3
5933,3
5934,3
5935,3
5936,3
5937,3
5938,3
5939,3
5940,3
5941,3
5942,3
5943,3
5944,3
5945,3
5946,3
5947,3
5948,3
5949,3
5950,3
5951,3
5952,3
5953,3
5954,3
5955,3
5956,3
5957,3
5958,3
5959,3
5960,3
5961,3
5962,3
5963,3
5964,3
5965,3
5966,3
5967,3
5968,3
5969,3
5970,3
5971,3
5972,3
5973,3
5974,3
5975,3
5976,3
5977,3
5978,3
5979,3
5980,3
5981,3
5982,3
5983,3
5984,3
5985,3
5986,3
5987,3
5988,3
5989,3
5990,3
5991,3
5992,3
5993,3
5994,3
5995,3
5996,3
5997,3
5998,3
5999,3
6000,3
6001,3
6002,3
6003,3
6004,3
6005,3
6006,3
6007,3
6008,3
6009,3
6010,3
6011,3
6012,3
6013,3
6014,3
6015,3
6016,3
6017,3
6018,3
6019,3
6020,3
6021,3
6022,3
6023,3
6024,3
6025,3
6026,3
6027,3
6028,3
6029,3
6030,3
6031,3
6032,3
6033,3
6034,3
6035,3
6036,3
6037,3
6038,3
6039,3
6040,3
6041,3
6042,3
6043,3
6044,3
6045,3
6046,3
6047,3
6048,3
6049,3
6050,3
6051,3
6052,3
6053,3
6054,3
6055,3
6056,3
6057,3
6058,3
6059,3
6060,3
6061,3
6062,3
6063,3
6064,3
6065,3
6066,3
6067,3
6068,3
6069,3
6070,3
6071,3
6072,3
6073,3
6074,3
6075,3
6076,3
6077,3
6078,3
6079,3
6080,3
6081,3
6082,3
6083,3
6084,3
6085,3
6086,3
6087,3
6088,3
6089,3
6090,3
6091,3
6092,3
6093,3
6094,3
6095,3
6096,3
6097,3
6098,3
6099,3
6100,3
6101,3
6102,3
6103,3
6104,3
6105,3
6106,3
6107,3
6108,3
6109,3
6110,3
6111,3
6112,3
6113,3
6114,3
6115,3
6116,3
6117,3
6118,3
6119,3
6120,3
6121,3
6122,3
6123,3
6124,3
6125,3
6126,3
6127,3
6128,3
6129,3
6130,3
6131,3
6132,3
6133,3
6134,3
6135,3
6136,3
6137,3
6138,3
6139,3
6140,3
6141,3
6142,3
6143,3
6144,3
6145,3
6146,3
6147,3
6148,3
6149,3
6150,3
6151,3
6152,3
6153,3
6154,3
6155,3
6156,3
6157,3
6158,3
6159,3
6160,3
6161,3
6162,3
6163,3
6164,3
6165,3
6166,3
6167,3
6168,3
6169,3
6170,3
6171,3
6172,3
6173,3
6174,3
6175,3
6176,3
6177,3
6178,3
6179,3
6180,3
6181,3
6182,3
6183,3
6184,3
6185,3
6186,3
6187,3
6188,3
6189,3
6190,3
6191,3
6192,3
6193,3
6194,3
6195,3
6196,3
6197,3
6198,3
6199,3
6200,3
6201,3
6202,3
6203,3
6204,3
6205,3
6206,3
6207,3
6208,3
6209,3
6210,3
6211,3
6212,3
6213,3
6214,3
6215,3
6216,3
6217,3
6218,3
6219,3
6220,3
6221,3
6222,3
6223,3
6224,3
6225,3
6226,3
6227,3
6228,3
6229,3
6230,3
6231,3
6232,3
6233,3
6234,3
6235,3
6236,3
6237,3
6238,3
6239,3
6240,3
6241,3
6242,3
6243,3
6244,3
6245,3
6246,3
6247,3
6248,3
6249,3
6250,3
6251,3
6252,3
6253,3
6254,3
6255,3
6256,3
6257,3
6258,3
6259,3
6260,3
6261,3
6262,3
6263,3
6264,3
6265,3
6266,3
6267,3
6268,3
6269,3
6270,3
6271,3
6272,3
6273,3
6274,3
6275,3
6276,3
6277,3
6278,3
6279,3
6280,3
6281,3
6282,3
6283,3
6284,3
6285,3
6286,3
6287,3
6288,3
6289,3
6290,3
6291,3
6292,3
6293,3
6294,3
6295,3
6296,3
6297,3
6298,3
6299,3
6300,3
6301,3
6302,3
6303,3
6304,3
6305,3
6306,3
6307,3
6308,3
6309,3
6310,3
6311,3
6312,3
6313,3
6314,3
6315,3
6316,3
6317,3
6318,3
6319,3
6320,3
6321,3
6322,3
6323,3
6324,3
6325,3
6326,3
6327,3
6328,3
6329,3
6330,3
6331,3
6332,3
6333,3
6334,3
6335,3
6336,3
6337,3
6338,3
6339,3
6340,3
6341,3
6342,3
6343,3
6344,3
6345,3
6346,3
6347,3
6348,3
6349,3
6350,3
6351,3
6352,3
6353,3
6354,3
6355,3
6356,3
6357,3
6358,3
6359,3
6360,3
6361,3
6362,3
6363,3
6364,3
6365,3
6366,3
6367,3
6368,3
6369,3
6370,3
6371,3
6372,3
6373,3
6374,3
6375,3
6376,3
6377,3
6378,3
6379,3
6380,3
6381,3
6382,3
6383,3
6384,3
6385,3
6386,3
6387,3
6388,3
6389,3
6390,3
6391,3
6392,3
6393,3
6394,3
6395,3
6396,3
6397,3
6398,3
6399,3
6400,3
6401,3
6402,3
6403,3
6404,3
6405,3
6406,3
6407,3
6408,3
6409,3
6410,3
6411,3
6412,3
6413,3
6414,3
6415,3
6416,3
6417,3
6418,3
6419,3
6420,3
6421,3
6422,3
6423,3
6424,3
6425,3
6426,3
6427,3
6428,3
6429,3
6430,3
6431,3
6432,3
6433,3
6434,3
6435,3
6436,3
6437,3
6438,3
6439,3
6440,3
6441,3
6442,3
6443,3
6444,3
6445,3
6446,3
6447,3
6448,3
6449,3
6450,3
6451,3
6452,3
6453,3
6454,3
6455,3
6456,3
6457,3
6458,3
6459,3
6460,3
6461,3
6462,3
6463,3
6464,3
6465,3
6466,3
6467,3
6468,3
6469,3
6470,3
6471,3
6472,3
6473,3
6474,3
6475,3
6476,3
6477,3
6478,3
6479,3
6480,3
6481,3
6482,3
6483,3
6484,3
6485,3
6486,3
6487,3
6488,3
6489,3
6490,3
6491,3
6492,3
6493,3
6494,3
6495,3
6496,3
6497,3
6498,3
6499,3
6500,3
6501,3
6502,3
6503,3
6504,3
6505,3
6506,3
6507,3
6508,3
6509,3
6510,3
6511,3
6512,3
6513,3
6514,3
6515,3
6516,3
6517,3
6518,3
6519,3
6520,3
6521,3
6522,3
6523,3
6524,3
6525,3
6526,3
6527,3
6528,3
6529,3
6530,3
6531,3
6532,3
6533,3
6534,3
6535,3
6536,3
6537,3
6538,3
6539,3
6540,3
6541,3
6542,3
6543,3
6544,3
6545,3
6546,3
6547,3
6548,3
6549,3
6550,3
6551,3
6552,3
6553,3
6554,3
6555,3
6556,3
6557,3
6558,3
6559,3
6560,3
6561,3
6562,3
6563,3
6564,3
6565,3
6566,3
6567,3
6568,3
6569,3
6570,3
6571,3
6572,3
6573,3
6574,3
6575,3
6576,3
6577,3
6578,3
6579,3
6580,3
6581,3
6582,3
6583,3
6584,3
6585,3
6586,3
6587,3
6588,3
6589,3
6590,3
6591,3
6592,3
6593,3
6594,3
6595,3
6596,3
6597,3
6598,3
6599,3
6600,3
6601,3
6602,3
6603,3
6604,3
6605,3
6606,3
6607,3
6608,3
6609,3
6610,3
6611,3
6612,3
6613,3
6614,3
6615,3
6616,3
6617,3
6618,3
6619,3
6620,3
6621,3
6622,3
6623,3
6624,3
6625,3
6626,3
6627,3
6628,3
6629,3
6630,3
6631,3
6632,3
6633,3
6634,3
6635,3
6636,3
6637,3
6638,3
6639,3
6640,3
6641,3
6642,3
6643,3
6644,3
6645,3
6646,3
6647,3
6648,3
6649,3
6650,3
6651,3
6652,3
6653,3
6654,3
6655,3
6656,3
6657,3
6658,3
6659,3
6660,3
6661,3
6662,3
6663,3
6664,3
6665,3
6666,3
6667,3
6668,3
6669,3
6670,3
6671,3
6672,3
6673,3
6674,3
6675,3
6676,3
6677,3
6678,3
6679,3
6680,3
6681,3
6682,3
6683,3
6684,3
6685,3
6686,3
6687,3
6688,3
6689,3
6690,3
6691,3
6692,3
6693,3
6694,3
6695,3
6696,3
6697,3
6698,3
6699,3
6700,3
6701,3
6702,3
6703,3
6704,3
6705,3
6706,3
6707,3
6708,3
6709,3
6710,3
6711,3
6712,3
6713,3
6714,3
6715,3
6716,3
6717,3
6718,3
6719,3
6720,3
6721,3
6722,3
6723,3
6724,3
6725,3
6726,3
6727,3
6728,3
6729,3
6730,3
6731,3
6732,3
6733,3
6734,3
6735,3
6736,3
6737,3
6738,3
6739,3
6740,3
6741,3
6742,3
6743,3
6744,3
6745,3
6746,3
6747,3
6748,3
6749,3
6750,3
6751,3
6752,3
6753,3
6754,3
6755,3
6756,3
6757,3
6758,3
6759,3
6760,3
6761,3
6762,3
6763,3
6764,3
6765,3
6766,3
6767,3
6768,3
6769,3
6770,3
6771,3
6772,3
6773,3
6774,3
6775,3
6776,3
6777,3
6778,3
6779,3
6780,3
6781,3
6782,3
6783,3
6784,3
6785,3
6786,3
6787,3
6788,3
6789,3
6790,3
6791,3
6792,3
6793,3
6794,3
6795,3
6796,3
6797,3
6798,3
6799,3
6800,3
6801,3
6802,3
6803,3
6804,3
6805,3
6806,3
6807,3
6808,3
6809,3
6810,3
6811,3
6812,3
6813,3
6814,3
6815,3
6816,3
6817,3
6818,3
6819,3
6820,3
6821,3
6822,3
6823,3
6824,3
6825,3
6826,3
6827,3
6828,3
6829,3
6830,3
6831,3
6832,3
6833,3
6834,3
6835,3
6836,3
6837,3
6838,3
6839,3
6840,3
6841,3
6842,3
6843,3
6844,3
6845,3
6846,3
6847,3
6848,3
6849,3
6850,3
6851,3
6852,3
6853,3
6854,3
6855,3
6856,3
6857,3
6858,3
6859,3
6860,3
6861,3
6862,3
6863,3
6864,3
6865,3
6866,3
6867,3
6868,3
6869,3
6870,3
6871,3
6872,3
6873,3
6874,3
6875,3
6876,3
6877,3
6878,3
6879,3
6880,3
6881,3
6882,3
6883,3
6884,3
6885,3
6886,3
6887,3
6888,3
6889,3
6890,3
6891,3
6892,3
6893,3
6894,3
6895,3
6896,3
6897,3
6898,3
6899,3
6900,3
6901,3
6902,3
6903,3
6904,3
6905,3
6906,3
6907,3
6908,3
6909,3
6910,3
6911,3
6912,3
6913,3
6914,3
6915,3
6916,3
6917,3
6918,3
6919,3
6920,3
6921,3
6922,3
6923,3
6924,3
6925,3
6926,3
6927,3
6928,3
6929,3
6930,3
6931,3
6932,3
6933,3
6934,3
6935,3
6936,3
6937,3
6938,3
6939,3
6940,3
6941,3
6942,3
6943,3
6944,3
6945,3
6946,3
6947,3
6948,3
6949,3
6950,3
6951,3
6952,3
6953,3
6954,3
6955,3
6956,3
6957,3
6958,3
6959,3
6960,3
6961,3
6962,3
6963,3
6964,3
6965,3
6966,3
6967,3
6968,3
6969,3
6970,3
6971,3
6972,3
6973,3
6974,3
6975,3
6976,3
6977,3
6978,3
6979,3
6980,3
6981,3
6982,3
6983,3
6984,3
6985,3
6986,3
6987,3
6988,3
6989,3
6990,3
6991,3
6992,3
6993,3
6994,3
6995,3
6996,3
6997,3
6998,3
6999,3
7000,3
7001,3
7002,3
7003,3
7004,3
7005,3
7006,3
7007,3
7008,3
7009,3
7010,3
7011,3
7012,3
7013,3
7014,3
7015,3
7016,3
7017,3
7018,3
7019,3
7020,3
7021,3
7022,3
7023,3
7024,3
7025,3
7026,3
7027,3
7028,3
7029,3
7030,3
7031,3
7032,3
7033,3
7034,3
7035,3
7036,3
7037,3
7038,3
7039,3
7040,3
7041,3
7042,3
7043,3
7044,3
7045,3
7046,3
7047,3
7048,3
7049,3
7050,3
7051,3
7052,3
7053,3
7054,3
7055,3
7056,3
7057,3
7058,3
7059,3
7060,3
7061,3
7062,3
7063,3
7064,3
7065,3
7066,3
7067,3
7068,3
7069,3
7070,3
7071,3
7072,3
7073,3
7074,3
7075,3
7076,3
7077,3
7078,3
7079,3
7080,3
7081,3
7082,3
7083,3
7084,3
7085,3
7086,3
7087,3
7088,3
7089,3
7090,3
7091,3
7092,3
7093,3
7094,3
7095,3
7096,3
7097,3
7098,3
7099,3
7100,3
7101,3
7102,3
7103,3
7104,3
7105,3
7106,3
7107,3
7108,3
7109,3
7110,3
7111,3
7112,3
7113,3
7114,3
7115,3
7116,3
7117,3
7118,3
7119,3
7120,3
7121,3
7122,3
7123,3
7124,3
7125,3
7126,3
7127,3
7128,3
7129,3
7130,3
7131,3
7132,3
7133,3
7134,3
7135,3
7136,3
7137,3
7138,3
7139,3
7140,3
7141,3
7142,3
7143,3
7144,3
7145,3
7146,3
7147,3
7148,3
7149,3
7150,3
7151,3
7152,3
7153,3
7154,3
7155,3
7156,3
7157,3
7158,3
7159,3
7160,3
7161,3
7162,3
7163,3
7164,3
7165,3
7166,3
7167,3
7168,3
7169,3
7170,3
7171,3
7172,3
7173,3
7174,3
7175,3
7176,3
7177,3
7178,3
7179,3
7180,3
7181,3
7182,3
7183,3
7184,3
7185,3
7186,3
7187,3
7188,3
7189,3
7190,3
7191,3
7192,3
7193,3
7194,3
7195,3
7196,3
7197,3
7198,3
7199,3
7200,3
7201,3
7202,3
7203,3
7204,3
7205,3
7206,3
7207,3
7208,3
7209,3
7210,3
7211,3
7212,3
7213,3
7214,3
7215,3
7216,3
7217,3
7218,3
7219,3
7220,3
7221,3
7222,3
7223,3
7224,3
7225,3
7226,3
7227,3
7228,3
7229,3
7230,3
7231,3
7232,3
7233,3
7234,3
7235,3
7236,3
7237,3
7238,3
7239,3
7240,3
7241,3
7242,3
7243,3
7244,3
7245,3
7246,3
7247,3
7248,3
7249,3
7250,3
7251,3
7252,3
7253,3
7254,3
7255,3
7256,3
7257,3
7258,3
7259,3
7260,3
7261,3
7262,3
7263,3
7264,3
7265,3
7266,3
7267,3
7268,3
7269,3
7270,3
7271,3
7272,3
7273,3
7274,3
7275,3
7276,3
7277,3
7278,3
7279,3
7280,3
7281,3
7282,3
7283,3
7284,3
7285,3
7286,3
7287,3
7288,3
7289,3
7290,3
7291,3
7292,3
7293,3
7294,3
7295,3
7296,3
7297,3
7298,3
7299,3
7300,3
7301,3
7302,3
7303,3
7304,3
7305,3
7306,3
7307,3
7308,3
7309,3
7310,3
7311,3
7312,3
7313,3
7314,3
7315,3
7316,3
7317,3
7318,3
7319,3
7320,3
7321,3
7322,3
7323,3
7324,3
7325,3
7326,3
7327,3
7328,3
7329,3
7330,3
7331,3
7332,3
7333,3
7334,3
7335,3
7336,3
7337,3
7338,3
7339,3
7340,3
7341,3
7342,3
7343,3
7344,3
7345,3
7346,3
7347,3
7348,3
7349,3
7350,3
7351,3
7352,3
7353,3
7354,3
7355,3
7356,3
7357,3
7358,3
7359,3
7360,3
7361,3
7362,3
7363,3
7364,3
7365,3
7366,3
7367,3
7368,3
7369,3
7370,3
7371,3
7372,3
7373,3
7374,3
7375,3
7376,3
7377,3
7378,3
7379,3
7380,3
7381,3
7382,3
7383,3
7384,3
7385,3
7386,3
7387,3
7388,3
7389,3
7390,3
7391,3
7392,3
7393,3
7394,3
7395,3
7396,3
7397,3
7398,3
7399,3
7400,3
7401,3
7402,3
7403,3
7404,3
7405,3
7406,3
7407,3
7408,3
7409,3
7410,3
7411,3
7412,3
7413,4
7414,4
7415,4
7416,4
7417,4
7418,4
7419,4
7420,4
7421,4
7422,4
7423,4
7424,4
7425,4
7426,4
7427,4
7428,4
7429,4
7430,4
7431,4
7432,4
7433,4
7434,4
7435,4
7436,4
7437,4
7438,4
7439,4
7440,4
7441,4
7442,4
7443,4
7444,4
7445,4
7446,4
7447,4
7448,4
7449,4
7450,4
7451,4
7452,4
7453,4
7454,4
7455,4
7456,4
7457,4
7458,4
7459,4
7460,4
7461,4
7462,4
7463,4
7464,4
7465,4
7466,4
7467,4
7468,4
7469,4
7470,4
7471,4
7472,4
7473,4
7474,4
7475,4
7476,4
7477,4
7478,4
7479,4
7480,4
7481,4
7482,4
7483,4
7484,4
7485,4
7486,4
7487,4
7488,4
7489,4
7490,4
7491,4
7492,4
7493,3
7494,3
7495,3
7496,3
7497,3
7498,3
7499,3
7500,3
7501,3
7502,3
7503,3
7504,3
7505,3
7506,3
7507,3
7508,3
7509,3
7510,3
7511,3
7512,3
7513,3
7514,3
7515,3
7516,4
7517,4
7518,4
7519,4
7520,4
7521,4
7522,4
7523,4
7524,4
7525,4
7526,4
7527,4
7528,4
7529,4
7530,4
7531,4
7532,4
7533,4
7534,4
7535,4
7536,4
7537,4
7538,4
7539,4
7540,4
7541,4
7542,4
7543,4
7544,4
7545,4
7546,4
7547,4
7548,4
7549,4
7550,4
7551,4
7552,4
7553,4
7554,4
7555,4
7556,4
7557,4
7558,4
7559,4
7560,4
7561,4
7562,4
7563,4
7564,4
7565,4
7566,4
7567,4
7568,4
7569,4
7570,4
7571,4
7572,4
7573,4
7574,4
7575,4
7576,4
7577,4
7578,4
7579,4
7580,4
7581,4
7582,4
7583,4
7584,4
7585,4
7586,4
7587,4
7588,4
7589,4
7590,4
7591,4
7592,4
7593,4
7594,4
7595,4
7596,4
7597,4
7598,4
7599,4
7600,4
7601,4
7602,4
7603,4
7604,4
7605,4
7606,4
7607,4
7608,4
7609,4
7610,4
7611,4
7612,4
7613,4
7614,4
7615,4
7616,4
7617,4
7618,4
7619,4
7620,4
7621,4
7622,4
7623,4
7624,4
7625,4
7626,4
7627,4
7628,4
7629,4
7630,4
7631,4
7632,4
7633,4
7634,4
7635,4
7636,4
7637,4
7638,4
7639,4
7640,4
7641,4
7642,4
7643,4
7644,4
7645,4
7646,4
7647,4
7648,4
7649,4
7650,4
7651,4
7652,4
7653,4
7654,4
7655,4
7656,4
7657,4
7658,4
7659,4
7660,4
7661,4
7662,4
7663,4
7664,4
7665,4
7666,4
7667,4
7668,4
7669,4
7670,4
7671,4
7672,4
7673,4
7674,4
7675,4
7676,4
7677,4
7678,4
7679,4
7680,4
7681,4
7682,4
7683,4
7684,4
7685,4
7686,4
7687,4
7688,4
7689,4
7690,4
7691,4
7692,4
7693,4
7694,4
7695,4
7696,4
7697,4
7698,4
7699,4
7700,4
7701,4
7702,4
7703,4
7704,4
7705,4
7706,4
7707,4
7708,4
7709,4
7710,4
7711,4
7712,4
7713,4
7714,4
7715,4
7716,4
7717,4
7718,4
7719,4
7720,4
7721,4
7722,4
7723,4
7724,4
7725,4
7726,4
7727,4
7728,4
7729,4
7730,4
7731,4
7732,4
7733,4
7734,4
7735,4
7736,4
7737,4
7738,4
7739,4
7740,4
7741,4
7742,4
7743,4
7744,4
7745,4
7746,4
7747,4
7748,4
7749,4
7750,4
7751,4
7752,4
7753,4
7754,4
7755,4
7756,4
7757,4
7758,4
7759,4
7760,4
7761,4
7762,4
7763,4
7764,4
7765,4
7766,4
7767,4
7768,4
7769,4
7770,4
7771,4
7772,4
7773,4
7774,4
7775,4
7776,4
7777,4
7778,4
7779,4
7780,4
7781,4
7782,4
7783,4
7784,4
7785,4
7786,4
7787,4
7788,4
7789,4
7790,4
7791,4
7792,4
7793,4
7794,4
7795,4
7796,4
7797,4
7798,4
7799,4
7800,4
7801,4
7802,4
7803,4
7804,4
7805,4
7806,4
7807,4
7808,4
7809,4
7810,4
7811,4
7812,4
7813,4
7814,4
7815,4
7816,4
7817,4
7818,4
7819,4
7820,4
7821,4
7822,4
7823,4
7824,4
7825,4
7826,4
7827,4
7828,4
7829,4
7830,4
7831,4
7832,4
7833,4
7834,4
7835,4
7836,4
7837,4
7838,4
7839,4
7840,4
7841,4
7842,4
7843,4
7844,4
7845,4
7846,4
7847,4
7848,4
7849,4
7850,4
7851,4
7852,4
7853,4
7854,4
7855,4
7856,4
7857,4
7858,4
7859,4
7860,4
7861,4
7862,4
7863,4
7864,4
7865,4
7866,4
7867,4
7868,4
7869,4
7870,4
7871,4
7872,4
7873,4
7874,4
7875,4
7876,4
7877,4
7878,4
7879,4
7880,4
7881,4
7882,4
7883,4
7884,4
7885,4
7886,4
7887,4
7888,4
7889,4
7890,4
7891,4
7892,4
7893,4
7894,4
7895,4
7896,4
7897,4
7898,4
7899,4
7900,4
7901,4
7902,4
7903,4
7904,4
7905,4
7906,4
7907,4
7908,4
7909,4
7910,4
7911,4
7912,4
7913,4
7914,4
7915,4
7916,4
7917,4
7918,4
7919,4
7920,4
7921,4
7922,4
7923,4
7924,4
7925,4
7926,4
7927,4
7928,4
7929,4
7930,4
7931,4
7932,4
7933,4
7934,4
7935,4
7936,4
7937,4
7938,4
7939,4
7940,4
7941,4
7942,4
7943,4
7944,4
7945,4
7946,4
7947,4
7948,4
7949,4
7950,4
7951,4
7952,4
7953,4
7954,4
7955,4
7956,4
7957,4
7958,4
7959,4
7960,4
7961,4
7962,4
7963,4
7964,4
7965,4
7966,4
7967,4
7968,4
7969,4
7970,4
7971,4
7972,4
7973,4
7974,4
7975,4
7976,4
7977,4
7978,4
7979,4
7980,4
7981,4
7982,4
7983,4
7984,4
7985,4
7986,4
7987,4
7988,4
7989,4
7990,4
7991,4
7992,4
7993,4
7994,4
7995,4
7996,4
7997,4
7998,4
7999,4
8000,4
8001,4
8002,4
8003,4
8004,4
8005,4
8006,4
8007,4
8008,4
8009,4
8010,4
8011,4
8012,4
8013,4
8014,4
8015,4
8016,4
8017,4
8018,4
8019,4
8020,4
8021,4
8022,4
8023,4
8024,4
8025,4
8026,4
8027,4
8028,4
8029,4
8030,4
8031,4
8032,4
8033,4
8034,4
8035,4
8036,4
8037,4
8038,4
8039,4
8040,4
8041,4
8042,4
8043,4
8044,4
8045,4
8046,4
8047,4
8048,4
8049,4
8050,4
8051,4
8052,4
8053,4
8054,4
8055,4
8056,4
8057,4
8058,4
8059,4
8060,4
8061,4
8062,4
8063,4
8064,4
8065,4
8066,4
8067,4
8068,4
8069,4
8070,4
8071,4
8072,4
8073,4
8074,4
8075,4
8076,4
8077,4
8078,4
8079,4
8080,4
8081,4
8082,4
8083,4
8084,4
8085,4
8086,4
8087,4
8088,4
8089,4
8090,4
8091,4
8092,4
8093,4
8094,4
8095,4
8096,4
8097,4
8098,4
8099,4
8100,4
8101,4
8102,4
8103,4
8104,4
8105,4
8106,4
8107,4
8108,4
8109,4
8110,4
8111,4
8112,4
8113,4
8114,4
8115,4
8116,4
8117,4
8118,4
8119,4
8120,4
8121,4
8122,4
8123,4
8124,4
8125,4
8126,4
8127,4
8128,4
8129,4
8130,4
8131,4
8132,4
8133,4
8134,4
8135,4
8136,4
8137,4
8138,4
8139,4
8140,4
8141,4
8142,4
8143,4
8144,4
8145,4
8146,4
8147,4
8148,4
8149,4
8150,4
8151,4
8152,4
8153,4
8154,4
8155,4
8156,4
8157,4
8158,4
8159,4
8160,4
8161,4
8162,4
8163,4
8164,4
8165,4
8166,4
8167,4
8168,4
8169,4
8170,4
8171,4
8172,4
8173,4
8174,4
8175,4
8176,4
8177,4
8178,4
8179,4
8180,4
8181,4
8182,4
8183,4
8184,4
8185,4
8186,4
8187,4
8188,4
8189,4
8190,4
8191,4
8192,4
8193,4
8194,4
8195,4
8196,4
8197,4
8198,4
8199,4
8200,4
8201,4
8202,4
8203,4
8204,4
8205,4
8206,4
8207,4
8208,4
8209,4
8210,4
8211,4
8212,4
8213,4
8214,4
8215,4
8216,4
8217,4
8218,4
8219,4
8220,4
8221,4
8222,4
8223,4
8224,4
8225,4
8226,4
8227,4
8228,4
8229,4
8230,4
8231,4
8232,4
8233,4
8234,4
8235,4
8236,4
8237,4
8238,4
8239,4
8240,4
8241,4
8242,4
8243,4
8244,4
8245,4
8246,4
8247,4
8248,4
8249,4
8250,4
8251,4
8252,4
8253,4
8254,4
8255,4
8256,4
8257,4
8258,4
8259,4
8260,4
8261,4
8262,4
8263,4
8264,4
8265,4
8266,4
8267,4
8268,4
8269,4
8270,4
8271,4
8272,4
8273,4
8274,4
8275,4
8276,4
8277,4
8278,4
8279,4
8280,4
8281,4
8282,4
8283,4
8284,4
8285,4
8286,4
8287,4
8288,4
8289,4
8290,4
8291,4
8292,4
8293,4
8294,4
8295,4
8296,4
8297,4
8298,4
8299,4
8300,4
8301,4
8302,4
8303,4
8304,4
8305,4
8306,4
8307,4
8308,4
8309,4
8310,4
8311,4
8312,4
8313,4
8314,4
8315,4
8316,4
8317,4
8318,4
8319,4
8320,4
8321,4
8322,4
8323,4
8324,4
8325,4
8326,4
8327,4
8328,4
8329,4
8330,4
8331,4
8332,4
8333,4
8334,4
8335,4
8336,4
8337,4
8338,4
8339,4
8340,4
8341,4
8342,4
8343,4
8344,4
8345,4
8346,4
8347,4
8348,4
8349,4
8350,4
8351,4
8352,4
8353,4
8354,4
8355,4
8356,4
8357,4
8358,4
8359,4
8360,4
8361,4
8362,4
8363,4
8364,4
8365,4
8366,4
8367,4
8368,4
8369,4
8370,4
8371,4
8372,4
8373,4
8374,4
8375,4
8376,4
8377,4
8378,4
8379,4
8380,4
8381,4
8382,4
8383,4
8384,4
8385,4
8386,4
8387,4
8388,4
8389,4
8390,4
8391,4
8392,4
8393,4
8394,4
8395,4
8396,4
8397,4
8398,4
8399,4
8400,4
8401,4
8402,4
8403,4
8404,4
8405,4
8406,4
8407,4
8408,4
8409,4
8410,4
8411,4
8412,4
8413,4
8414,4
8415,4
8416,4
8417,4
8418,4
8419,4
8420,4
8421,4
8422,4
8423,4
8424,4
8425,4
8426,4
8427,4
8428,4
8429,4
8430,4
8431,4
8432,4
8433,4
8434,4
8435,4
8436,4
8437,4
8438,4
8439,4
8440,4
8441,4
8442,4
8443,4
8444,4
8445,4
8446,4
8447,4
8448,4
8449,4
8450,4
8451,4
8452,4
8453,4
8454,4
8455,4
8456,4
8457,4
8458,4
8459,4
8460,4
8461,4
8462,4
8463,4
8464,4
8465,4
8466,4
8467,4
8468,4
8469,4
8470,4
8471,4
8472,4
8473,4
8474,4
8475,4
8476,4
8477,4
8478,4
8479,4
8480,4
8481,4
8482,4
8483,4
8484,4
8485,4
8486,4
8487,4
8488,4
8489,4
8490,4
8491,4
8492,4
8493,4
8494,4
8495,4
8496,4
8497,4
8498,4
8499,4
8500,4
8501,4
8502,4
8503,4
8504,4
8505,4
8506,4
8507,4
8508,4
8509,4
8510,4
8511,4
8512,4
8513,4
8514,4
8515,4
8516,4
8517,4
8518,4
8519,4
8520,4
8521,4
8522,4
8523,4
8524,4
8525,4
8526,4
8527,4
8528,4
8529,4
8530,4
8531,4
8532,4
8533,4
8534,4
8535,4
8536,4
8537,4
8538,4
8539,4
8540,4
8541,4
8542,4
8543,4
8544,4
8545,4
8546,4
8547,4
8548,4
8549,4
8550,4
8551,4
8552,4
8553,4
8554,4
8555,4
8556,4
8557,4
8558,4
8559,4
8560,4
8561,4
8562,4
8563,4
8564,4
8565,4
8566,4
8567,4
8568,4
8569,4
8570,4
8571,4
8572,4
8573,4
8574,4
8575,4
8576,4
8577,4
8578,4
8579,4
8580,4
8581,4
8582,4
8583,4
8584,4
8585,4
8586,4
8587,4
8588,4
8589,4
8590,4
8591,4
8592,4
8593,4
8594,4
8595,4
8596,4
8597,4
8598,4
8599,4
8600,4
8601,4
8602,4
8603,4
8604,4
8605,4
8606,4
8607,4
8608,4
8609,4
8610,4
8611,4
8612,4
8613,4
8614,4
8615,4
8616,4
8617,4
8618,4
8619,4
8620,4
8621,4
8622,4
8623,4
8624,4
8625,4
8626,4
8627,4
8628,4
8629,4
8630,4
8631,4
8632,4
8633,4
8634,4
8635,4
8636,4
8637,4
8638,4
8639,4
8640,4
8641,4
8642,4
8643,4
8644,4
8645,4
8646,4
8647,4
8648,4
8649,4
8650,4
8651,4
8652,4
8653,4
8654,4
8655,4
8656,4
8657,4
8658,4
8659,4
8660,4
8661,4
8662,4
8663,4
8664,4
8665,4
8666,4
8667,4
8668,4
8669,4
8670,4
8671,4
8672,4
8673,4
8674,4
8675,4
8676,4
8677,4
8678,4
8679,4
8680,4
8681,4
8682,4
8683,4
8684,4
8685,4
8686,4
8687,4
8688,4
8689,4
8690,4
8691,4
8692,4
8693,4
8694,4
8695,4
8696,4
8697,4
8698,4
8699,4
8700,4
8701,4
8702,4
8703,4
8704,4
8705,4
8706,4
8707,4
8708,4
8709,4
8710,4
8711,4
8712,4
8713,4
8714,4
8715,4
8716,4
8717,4
8718,4
8719,4
8720,4
8721,4
8722,4
8723,4
8724,4
8725,4
8726,4
8727,4
8728,4
8729,4
8730,4
8731,4
8732,4
8733,4
8734,4
8735,4
8736,4
8737,4
8738,4
8739,4
8740,4
8741,4
8742,4
8743,4
8744,4
8745,4
8746,4
8747,4
8748,4
8749,4
8750,4
8751,4
8752,4
8753,4
8754,4
8755,4
8756,4
8757,4
8758,4
8759,4
8760,4
8761,4
8762,4
8763,4
8764,4
8765,4
8766,4
8767,4
8768,4
8769,4
8770,4
8771,4
8772,4
8773,4
8774,4
8775,4
8776,4
8777,4
8778,4
8779,4
8780,4
8781,4
8782,4
8783,4
8784,4
8785,4
8786,4
8787,4
8788,4
8789,4
8790,4
8791,4
8792,4
8793,4
8794,4
8795,4
8796,4
8797,4
8798,4
8799,4
8800,4
8801,4
8802,4
8803,4
8804,4
8805,4
8806,4
8807,4
8808,4
8809,4
8810,4
8811,4
8812,4
8813,4
8814,4
8815,4
8816,4
8817,4
8818,4
8819,4
8820,4
8821,4
8822,4
8823,4
8824,4
8825,4
8826,4
8827,4
8828,4
8829,4
8830,4
8831,4
8832,4
8833,4
8834,4
8835,4
8836,4
8837,4
8838,4
8839,4
8840,4
8841,4
8842,4
8843,4
8844,4
8845,4
8846,4
8847,4
8848,4
8849,4
8850,4
8851,4
8852,4
8853,4
8854,4
8855,4
8856,4
8857,4
8858,4
8859,4
8860,4
8861,4
8862,4
8863,4
8864,4
8865,4
8866,4
8867,4
8868,4
8869,4
8870,4
8871,4
8872,4
8873,4
8874,4
8875,4
8876,4
8877,4
8878,4
8879,4
8880,4
8881,4
8882,4
8883,4
8884,4
8885,4
8886,4
8887,4
8888,4
8889,4
8890,4
8891,4
8892,4
8893,4
8894,4
8895,4
8896,4
8897,4
8898,4
8899,4
8900,4
8901,4
8902,4
8903,4
8904,4
8905,4
8906,4
8907,4
8908,4
8909,4
8910,4
8911,4
8912,4
8913,4
8914,4
8915,4
8916,4
8917,4
8918,4
8919,4
8920,4
8921,4
8922,4
8923,4
8924,4
8925,4
8926,4
8927,4
8928,4
8929,4
8930,4
8931,4
8932,4
8933,4
8934,4
8935,4
8936,4
8937,4
8938,4
8939,4
8940,4
8941,4
8942,4
8943,4
8944,4
8945,4
8946,4
8947,4
8948,4
8949,4
8950,4
8951,4
8952,4
8953,4
8954,4
8955,4
8956,4
8957,4
8958,4
8959,4
8960,4
8961,4
8962,4
8963,4
8964,4
8965,4
8966,4
8967,4
8968,4
8969,4
8970,4
8971,4
8972,4
8973,4
8974,4
8975,4
8976,4
8977,4
8978,4
8979,4
8980,4
8981,4
8982,4
8983,4
8984,4
8985,4
8986,4
8987,4
8988,4
8989,4
8990,4
8991,4
8992,4
8993,4
8994,4
8995,4
8996,4
8997,4
8998,4
8999,4
9000,4
9001,4
9002,4
9003,4
9004,4
9005,4
9006,4
9007,4
9008,4
9009,4
9010,4
9011,4
9012,4
9013,4
9014,4
9015,4
9016,4
9017,4
9018,4
9019,4
9020,4
9021,4
9022,4
9023,4
9024,4
9025,4
9026,4
9027,4
9028,4
9029,4
9030,4
9031,4
9032,4
9033,4
9034,4
9035,4
9036,4
9037,4
9038,4
9039,4
9040,4
9041,4
9042,4
9043,4
9044,4
9045,4
9046,4
9047,4
9048,4
9049,4
9050,4
9051,4
9052,4
9053,4
9054,4
9055,4
9056,4
9057,4
9058,4
9059,4
9060,4
9061,4
9062,4
9063,4
9064,4
9065,4
9066,4
9067,4
9068,4
9069,4
9070,4
9071,4
9072,4
9073,4
9074,4
9075,4
9076,4
9077,4
9078,4
9079,4
9080,4
9081,4
9082,4
9083,4
9084,4
9085,4
9086,4
9087,4
9088,4
9089,4
9090,4
9091,4
9092,4
9093,4
9094,4
9095,4
9096,4
9097,4
9098,4
9099,4
9100,4
9101,4
9102,4
9103,4
9104,4
9105,4
9106,4
9107,4
9108,4
9109,4
9110,4
9111,4
9112,4
9113,4
9114,4
9115,4
9116,4
9117,4
9118,4
9119,4
9120,4
9121,4
9122,4
9123,4
9124,4
9125,4
9126,4
9127,4
9128,4
9129,4
9130,4
9131,4
9132,4
9133,4
9134,4
9135,4
9136,4
9137,4
9138,4
9139,4
9140,4
9141,4
9142,4
9143,4
9144,4
9145,4
9146,4
9147,4
9148,4
9149,4
9150,4
9151,4
9152,4
9153,4
9154,4
9155,4
9156,4
9157,4
9158,4
9159,4
9160,4
9161,4
9162,4
9163,4
9164,4
9165,4
9166,4
9167,4
9168,4
9169,4
9170,4
9171,4
9172,4
9173,4
9174,4
9175,4
9176,4
9177,4
9178,4
9179,4
9180,4
9181,4
9182,4
9183,4
9184,4
9185,4
9186,4
9187,4
9188,4
9189,4
9190,4
9191,4
9192,4
9193,4
9194,4
9195,4
9196,4
9197,4
9198,4
9199,4
9200,4
9201,4
9202,4
9203,4
9204,4
9205,4
9206,4
9207,4
9208,4
9209,4
9210,4
9211,4
9212,4
9213,4
9214,4
9215,4
9216,4
9217,4
9218,4
9219,4
9220,4
9221,4
9222,4
9223,4
9224,4
9225,4
9226,4
9227,4
9228,4
9229,4
9230,4
9231,4
9232,4
9233,4
9234,4
9235,4
9236,4
9237,4
9238,4
9239,4
9240,4
9241,4
9242,4
9243,4
9244,4
9245,4
9246,4
9247,4
9248,4
9249,4
9250,4
9251,4
9252,4
9253,4
9254,4
9255,4
9256,4
9257,4
9258,4
9259,4
9260,4
9261,4
9262,4
9263,4
9264,4
9265,4
9266,4
9267,4
9268,4
9269,4
9270,4
9271,4
9272,4
9273,4
9274,4
9275,4
9276,4
9277,4
9278,4
9279,4
9280,4
9281,4
9282,4
9283,4
9284,4
9285,4
9286,4
9287,4
9288,4
9289,4
9290,4
9291,4
9292,4
9293,4
9294,4
9295,4
9296,4
9297,4
9298,4
9299,4
9300,4
9301,4
9302,4
9303,4
9304,4
9305,4
9306,4
9307,4
9308,4
9309,4
9310,4
9311,4
9312,4
9313,4
9314,4
9315,4
9316,4
9317,4
9318,4
9319,4
9320,4
9321,4
9322,4
9323,4
9324,4
9325,4
9326,4
9327,4
9328,4
9329,4
9330,4
9331,4
9332,4
9333,4
9334,4
9335,4
9336,4
9337,4
9338,4
9339,4
9340,4
9341,4
9342,4
9343,4
9344,4
9345,4
9346,4
9347,4
9348,4
9349,4
9350,4
9351,4
9352,4
9353,4
9354,4
9355,4
9356,4
9357,4
9358,4
9359,4
9360,4
9361,4
9362,4
9363,4
9364,4
9365,4
9366,4
9367,4
9368,4
9369,4
9370,4
9371,4
9372,4
9373,4
9374,4
9375,4
9376,4
9377,4
9378,4
9379,4
9380,4
9381,4
9382,4
9383,4
9384,4
9385,4
9386,4
9387,4
9388,4
9389,4
9390,4
9391,4
9392,4
9393,4
9394,4
9395,4
9396,4
9397,4
9398,4
9399,4
9400,4
9401,4
9402,4
9403,4
9404,4
9405,4
9406,4
9407,4
9408,4
9409,4
9410,4
9411,4
9412,4
9413,4
9414,4
9415,4
9416,4
9417,4
9418,4
9419,4
9420,4
9421,4
9422,4
9423,4
9424,4
9425,4
9426,4
9427,4
9428,4
9429,4
9430,4
9431,4
9432,4
9433,4
9434,4
9435,4
9436,4
9437,4
9438,4
9439,4
9440,4
9441,4
9442,4
9443,4
9444,4
9445,4
9446,4
9447,4
9448,4
9449,4
9450,4
9451,4
9452,4
9453,4
9454,4
9455,4
9456,4
9457,4
9458,4
9459,4
9460,4
9461,4
9462,4
9463,4
9464,4
9465,4
9466,4
9467,4
9468,4
9469,4
9470,4
9471,4
9472,4
9473,4
9474,4
9475,4
9476,4
9477,4
9478,4
9479,4
9480,4
9481,4
9482,4
9483,4
9484,4
9485,4
9486,4
9487,4
9488,4
9489,4
9490,4
9491,4
9492,4
9493,4
9494,4
9495,4
9496,4
9497,4
9498,4
9499,4
9500,4
9501,4
9502,4
9503,4
9504,4
9505,4
9506,4
9507,4
9508,4
9509,4
9510,4
9511,4
9512,4
9513,4
9514,4
9515,4
9516,4
9517,4
9518,4
9519,4
9520,4
9521,4
9522,4
9523,4
9524,4
9525,4
9526,4
9527,4
9528,4
9529,4
9530,4
9531,4
9532,4
9533,4
9534,4
9535,4
9536,4
9537,4
9538,4
9539,4
9540,4
9541,4
9542,4
9543,4
9544,4
9545,4
9546,4
9547,4
9548,4
9549,4
9550,4
9551,4
9552,4
9553,4
9554,4
9555,4
9556,4
9557,4
9558,4
9559,4
9560,4
9561,4
9562,4
9563,4
9564,4
9565,4
9566,4
9567,4
9568,4
9569,4
9570,4
9571,4
9572,4
9573,4
9574,4
9575,4
9576,4
9577,4
9578,4
9579,4
9580,4
9581,4
9582,4
9583,4
9584,4
9585,4
9586,4
9587,4
9588,4
9589,4
9590,4
9591,4
9592,4
9593,4
9594,4
9595,4
9596,4
9597,4
9598,4
9599,4
9600,4
9601,4
9602,4
9603,4
9604,4
9605,4
9606,4
9607,4
9608,4
9609,4
9610,4
9611,4
9612,4
9613,4
9614,4
9615,4
9616,4
9617,4
9618,4
9619,4
9620,4
9621,4
9622,4
9623,4
9624,4
9625,4
9626,4
9627,4
9628,4
9629,4
9630,4
9631,4
9632,4
9633,4
9634,4
9635,4
9636,4
9637,4
9638,4
9639,4
9640,4
9641,4
9642,4
9643,4
9644,4
9645,4
9646,4
9647,4
9648,4
9649,4
9650,4
9651,4
9652,4
9653,4
9654,4
9655,4
9656,4
9657,4
9658,4
9659,4
9660,4
9661,4
9662,4
9663,4
9664,4
9665,4
9666,4
9667,4
9668,4
9669,4
9670,4
9671,4
9672,4
9673,4
9674,4
9675,4
9676,4
9677,4
9678,4
9679,4
9680,4
9681,4
9682,4
9683,4
9684,4
9685,4
9686,4
9687,4
9688,4
9689,4
9690,4
9691,4
9692,4
9693,4
9694,4
9695,4
9696,4
9697,4
9698,4
9699,4
9700,4
9701,4
9702,4
9703,4
9704,4
9705,4
9706,4
9707,4
9708,4
9709,4
9710,4
9711,4
9712,4
9713,4
9714,4
9715,4
9716,4
9717,4
9718,4
9719,4
9720,4
9721,4
9722,4
9723,4
9724,4
9725,4
9726,4
9727,4
9728,4
9729,4
9730,4
9731,4
9732,4
9733,4
9734,4
9735,4
9736,4
9737,4
9738,4
9739,4
9740,4
9741,4
9742,4
9743,4
9744,4
9745,4
9746,4
9747,4
9748,4
9749,4
9750,4
9751,4
9752,4
9753,4
9754,4
9755,4
9756,4
9757,4
9758,4
9759,4
9760,4
9761,4
9762,4
9763,4
9764,4
9765,4
9766,4
9767,4
9768,4
9769,4
9770,4
9771,4
9772,4
9773,4
9774,4
9775,4
9776,4
9777,4
9778,4
9779,4
9780,4
9781,4
9782,4
9783,4
9784,4
9785,4
9786,4
9787,4
9788,4
9789,4
9790,4
9791,4
9792,4
9793,4
9794,4
9795,4
9796,4
9797,4
9798,4
9799,4
9800,4
9801,4
9802,4
9803,4
9804,4
9805,4
9806,4
9807,4
9808,4
9809,4
9810,4
9811,4
9812,4
9813,4
9814,4
9815,4
9816,4
9817,4
9818,4
9819,4
9820,4
9821,4
9822,4
9823,4
9824,4
9825,4
9826,4
9827,4
9828,4
9829,4
9830,4
9831,4
9832,4
9833,4
9834,4
9835,4
9836,4
9837,4
9838,4
9839,4
9840,4
9841,4
9842,4
9843,4
9844,4
9845,4
9846,4
9847,4
9848,4
9849,4
9850,4
9851,4
9852,4
9853,4
9854,4
9855,4
9856,4
9857,4
9858,4
9859,4
9860,4
9861,4
9862,4
9863,4
9864,4
9865,4
9866,4
9867,4
9868,4
9869,4
9870,4
9871,4
9872,4
9873,4
9874,4
9875,4
9876,4
9877,4
9878,4
9879,4
9880,4
9881,4
9882,4
9883,4
9884,4
9885,4
9886,4
9887,4
9888,4
9889,4
9890,4
9891,4
9892,4
9893,4
9894,4
9895,4
9896,4
9897,4
9898,4
9899,4
9900,4
9901,4
9902,4
9903,4
9904,4
9905,4
9906,4
9907,4
9908,4
9909,4
9910,4
9911,4
9912,4
9913,4
9914,4
9915,4
9916,4
9917,4
9918,4
9919,4
9920,4
9921,4
9922,4
9923,4
9924,4
9925,4
9926,4
9927,4
9928,4
9929,4
9930,4
9931,4
9932,4
9933,4
9934,4
9935,4
9936,4
9937,4
9938,4
9939,4
9940,4
9941,4
9942,4
9943,4
9944,4
9945,4
9946,4
9947,4
9948,4
9949,4
9950,4
9951,4
9952,4
9953,4
9954,4
9955,4
9956,4
9957,4
9958,4
9959,4
9960,4
9961,4
9962,4
9963,4
9964,4
9965,4
9966,4
9967,4
9968,4
9969,4
9970,4
9971,4
9972,4
9973,4
9974,4
9975,4
9976,4
9977,4
9978,4
9979,4
9980,4
9981,4
9982,4
9983,4
9984,4
9985,4
9986,4
9987,4
9988,4
9989,4
9990,4
9991,4
9992,4
9993,4
9994,4
9995,4
9996,4
9997,4
9998,4
9999,4
10000,4
10001,4
10002,4
10003,4
10004,4
10005,4
10006,4
10007,4
10008,4
10009,4
10010,4
10011,4
10012,4
10013,4
10014,4
10015,4
10016,4
10017,4
10018,4
10019,4
10020,4
10021,4
10022,4
10023,4
10024,4
10025,4
10026,4
10027,4
10028,4
10029,4
10030,4
10031,4
10032,4
10033,4
10034,4
10035,4
10036,4
10037,4
10038,4
10039,4
10040,4
10041,4
10042,4
10043,4
10044,4
10045,4
10046,4
10047,4
10048,4
10049,4
10050,4
10051,4
10052,4
10053,4
10054,4
10055,4
10056,4
10057,4
10058,4
10059,4
10060,4
10061,4
10062,4
10063,4
10064,4
10065,4
10066,4
10067,4
10068,4
10069,4
10070,4
10071,4
10072,4
10073,4
10074,4
10075,4
10076,4
10077,4
10078,4
10079,4
10080,4
10081,4
10082,4
10083,4
10084,4
10085,4
10086,4
10087,4
10088,4
10089,4
10090,4
10091,4
10092,4
10093,4
10094,4
10095,4
10096,4
10097,4
10098,4
10099,4
10100,4
10101,4
10102,4
10103,4
10104,4
10105,4
10106,4
10107,4
10108,4
10109,4
10110,4
10111,4
10112,4
10113,4
10114,4
10115,4
10116,4
10117,4
10118,4
10119,4
10120,4
10121,4
10122,4
10123,4
10124,4
10125,4
10126,4
10127,4
10128,4
10129,4
10130,4
10131,4
10132,4
10133,4
10134,4
10135,4
10136,4
10137,4
10138,4
10139,4
10140,4
10141,4
10142,4
10143,4
10144,4
10145,4
10146,4
10147,4
10148,4
10149,4
10150,4
10151,4
10152,4
10153,4
10154,4
10155,4
10156,4
10157,4
10158,4
10159,4
10160,4
10161,4
10162,4
10163,4
10164,4
10165,4
10166,4
10167,4
10168,4
10169,4
10170,4
10171,4
10172,4
10173,4
10174,4
10175,4
10176,4
10177,4
10178,4
10179,4
10180,4
10181,4
10182,4
10183,4
10184,4
10185,4
10186,4
10187,4
10188,4
10189,4
10190,4
10191,4
10192,4
10193,4
10194,4
10195,4
10196,4
10197,4
10198,4
10199,4
10200,4
10201,4
10202,4
10203,4
10204,4
10205,4
10206,4
10207,4
10208,4
10209,4
10210,4
10211,4
10212,4
10213,4
10214,4
10215,4
10216,4
10217,4
10218,4
10219,4
10220,4
10221,4
10222,4
10223,4
10224,4
10225,4
10226,4
10227,4
10228,4
10229,4
10230,4
10231,4
10232,4
10233,4
10234,4
10235,4
10236,4
10237,4
10238,4
10239,4
10240,4
10241,4
10242,4
10243,4
10244,4
10245,4
10246,4
10247,4
10248,4
10249,4
10250,4
10251,4
10252,4
10253,4
10254,4
10255,4
10256,4
10257,4
10258,4
10259,4
10260,4
10261,4
10262,4
10263,4
10264,4
10265,4
10266,4
10267,4
10268,4
10269,4
10270,4
10271,4
10272,4
10273,4
10274,4
10275,4
10276,4
10277,4
10278,4
10279,4
10280,4
10281,4
10282,4
10283,4
10284,4
10285,4
10286,4
10287,4
10288,4
10289,4
10290,4
10291,4
10292,4
10293,4
10294,4
10295,4
10296,4
10297,4
10298,4
10299,4
10300,4
10301,4
10302,4
10303,4
10304,4
10305,4
10306,4
10307,4
10308,4
10309,4
10310,4
10311,4
10312,4
10313,4
10314,4
10315,4
10316,4
10317,4
10318,4
10319,4
10320,4
10321,4
10322,4
10323,4
10324,4
10325,4
10326,4
10327,4
10328,4
10329,4
10330,4
10331,4
10332,4
10333,4
10334,4
10335,4
10336,4
10337,4
10338,4
10339,4
10340,4
10341,4
10342,4
10343,4
10344,4
10345,4
10346,4
10347,4
10348,4
10349,4
10350,4
10351,4
10352,4
10353,4
10354,4
10355,4
10356,4
10357,4
10358,4
10359,4
10360,4
10361,4
10362,4
10363,4
10364,4
10365,4
10366,4
10367,4
10368,4
10369,4
10370,4
10371,4
10372,4
10373,4
10374,4
10375,4
10376,4
10377,4
10378,4
10379,4
10380,4
10381,4
10382,4
10383,4
10384,4
10385,4
10386,4
10387,4
10388,4
10389,4
10390,4
10391,4
10392,4
10393,4
10394,4
10395,4
10396,4
10397,4
10398,4
10399,4
10400,4
10401,4
10402,4
10403,4
10404,4
10405,4
10406,4
10407,4
10408,4
10409,4
10410,4
10411,4
10412,4
10413,4
10414,4
10415,4
10416,4
10417,4
10418,4
10419,4
10420,4
10421,4
10422,4
10423,4
10424,4
10425,4
10426,4
10427,4
10428,4
10429,4
10430,4
10431,4
10432,4
10433,4
10434,4
10435,4
10436,4
10437,4
10438,4
10439,4
10440,4
10441,4
10442,4
10443,4
10444,4
10445,4
10446,4
10447,4
10448,4
10449,4
10450,4
10451,4
10452,4
10453,4
10454,4
10455,4
10456,4
10457,4
10458,4
10459,4
10460,4
10461,4
10462,4
10463,4
10464,4
10465,4
10466,4
10467,4
10468,4
10469,4
10470,4
10471,4
10472,4
10473,4
10474,4
10475,4
10476,4
10477,4
10478,4
10479,4
10480,4
10481,4
10482,4
10483,4
10484,4
10485,4
10486,4
10487,4
10488,4
10489,4
10490,4
10491,4
10492,4
10493,4
10494,4
10495,4
10496,4
10497,4
10498,4
10499,4
10500,4
10501,4
10502,4
10503,4
10504,4
10505,4
10506,4
10507,4
10508,4
10509,4
10510,4
10511,4
10512,4
10513,4
10514,4
10515,4
10516,4
10517,4
10518,4
10519,4
10520,4
10521,4
10522,4
10523,4
10524,4
10525,4
10526,4
10527,4
10528,4
10529,4
10530,4
10531,4
10532,4
10533,4
10534,4
10535,4
10536,4
10537,4
10538,4
10539,4
10540,4
10541,4
10542,4
10543,4
10544,4
10545,4
10546,4
10547,4
10548,4
10549,4
10550,4
10551,4
10552,4
10553,4
10554,4
10555,4
10556,4
10557,4
10558,4
10559,4
10560,4
10561,4
10562,4
10563,4
10564,4
10565,4
10566,4
10567,4
10568,4
10569,4
10570,4
10571,4
10572,4
10573,4
10574,4
10575,4
10576,4
10577,4
10578,4
10579,4
10580,4
10581,4
10582,4
10583,4
10584,4
10585,4
10586,4
10587,4
10588,4
10589,4
10590,4
10591,4
10592,4
10593,4
10594,4
10595,4
10596,4
10597,4
10598,4
10599,4
10600,4
10601,4
10602,4
10603,4
10604,4
10605,4
10606,4
10607,4
10608,4
10609,4
10610,4
10611,4
10612,4
10613,4
10614,4
10615,4
10616,4
10617,4
10618,4
10619,4
10620,4
10621,4
10622,4
10623,4
10624,4
10625,4
10626,4
10627,4
10628,4
10629,4
10630,4
10631,4
10632,4
10633,4
10634,4
10635,4
10636,4
10637,4
10638,4
10639,4
10640,4
10641,4
10642,4
10643,4
10644,4
10645,4
10646,4
10647,4
10648,4
10649,4
10650,4
10651,4
10652,4
10653,4
10654,4
10655,4
10656,4
10657,4
10658,4
10659,4
10660,4
10661,4
10662,4
10663,4
10664,4
10665,4
10666,4
10667,4
10668,4
10669,4
10670,4
10671,4
10672,4
10673,4
10674,4
10675,4
10676,4
10677,4
10678,4
10679,4
10680,4
10681,4
10682,4
10683,4
10684,4
10685,4
10686,4
10687,4
10688,4
10689,4
10690,4
10691,4
10692,4
10693,4
10694,4
10695,4
10696,4
10697,4
10698,4
10699,4
10700,4
10701,4
10702,4
10703,4
10704,4
10705,4
10706,4
10707,4
10708,4
10709,4
10710,4
10711,4
10712,4
10713,4
10714,4
10715,4
10716,4
10717,4
10718,4
10719,4
10720,4
10721,4
10722,4
10723,4
10724,4
10725,4
10726,4
10727,4
10728,4
10729,4
10730,4
10731,4
10732,4
10733,4
10734,4
10735,4
10736,4
10737,4
10738,4
10739,4
10740,4
10741,4
10742,4
10743,4
10744,4
10745,4
10746,4
10747,4
10748,4
10749,4
10750,4
10751,4
10752,4
10753,4
10754,4
10755,4
10756,4
10757,4
10758,4
10759,4
10760,4
10761,4
10762,4
10763,4
10764,4
10765,4
10766,4
10767,4
10768,4
10769,4
10770,4
10771,4
10772,4
10773,4
10774,4
10775,4
10776,4
10777,4
10778,4
10779,4
10780,4
10781,4
10782,4
10783,4
10784,4
10785,4
10786,4
10787,4
10788,4
10789,4
10790,4
10791,4
10792,4
10793,4
10794,4
10795,4
10796,4
10797,4
10798,4
10799,4
10800,4
